,DATE,CODE,RAW DATE,DAY,MONTH,YEAR,VALUE,nome,unidade,medida,deflator,cambio
0,1889-01-01,BPN_XTV,1889-01-01T00:00:00-02:00,1,1,1889,138.8,exportacao,milhões,US$,,
1,1890-01-01,BPN_XTV,1890-01-01T00:00:00-02:00,1,1,1890,128.2,exportacao,milhões,US$,,
2,1891-01-01,BPN_XTV,1891-01-01T00:00:00-02:00,1,1,1891,131.9,exportacao,milhões,US$,,
3,1892-01-01,BPN_XTV,1892-01-01T00:00:00-02:00,1,1,1892,150.0,exportacao,milhões,US$,,
4,1893-01-01,BPN_XTV,1893-01-01T00:00:00-02:00,1,1,1893,155.6,exportacao,milhões,US$,,
5,1894-01-01,BPN_XTV,1894-01-01T00:00:00-02:00,1,1,1894,148.2,exportacao,milhões,US$,,
6,1895-01-01,BPN_XTV,1895-01-01T00:00:00-02:00,1,1,1895,158.4,exportacao,milhões,US$,,
7,1896-01-01,BPN_XTV,1896-01-01T00:00:00-02:00,1,1,1896,137.7,exportacao,milhões,US$,,
8,1897-01-01,BPN_XTV,1897-01-01T00:00:00-02:00,1,1,1897,125.8,exportacao,milhões,US$,,
9,1898-01-01,BPN_XTV,1898-01-01T00:00:00-02:00,1,1,1898,121.6,exportacao,milhões,US$,,
10,1899-01-01,BPN_XTV,1899-01-01T00:00:00-02:00,1,1,1899,124.1,exportacao,milhões,US$,,
11,1900-01-01,BPN_XTV,1900-01-01T00:00:00-02:00,1,1,1900,161.2,exportacao,milhões,US$,,
12,1901-01-01,BPN_XTV,1901-01-01T00:00:00-02:00,1,1,1901,197.8,exportacao,milhões,US$,,
13,1902-01-01,BPN_XTV,1902-01-01T00:00:00-02:00,1,1,1902,176.9,exportacao,milhões,US$,,
14,1903-01-01,BPN_XTV,1903-01-01T00:00:00-02:00,1,1,1903,179.3,exportacao,milhões,US$,,
15,1904-01-01,BPN_XTV,1904-01-01T00:00:00-02:00,1,1,1904,191.5,exportacao,milhões,US$,,
16,1905-01-01,BPN_XTV,1905-01-01T00:00:00-02:00,1,1,1905,216.8,exportacao,milhões,US$,,
17,1906-01-01,BPN_XTV,1906-01-01T00:00:00-02:00,1,1,1906,258.1,exportacao,milhões,US$,,
18,1907-01-01,BPN_XTV,1907-01-01T00:00:00-02:00,1,1,1907,263.4,exportacao,milhões,US$,,
19,1908-01-01,BPN_XTV,1908-01-01T00:00:00-02:00,1,1,1908,214.8,exportacao,milhões,US$,,
20,1909-01-01,BPN_XTV,1909-01-01T00:00:00-02:00,1,1,1909,309.6,exportacao,milhões,US$,,
21,1910-01-01,BPN_XTV,1910-01-01T00:00:00-02:00,1,1,1910,307.3,exportacao,milhões,US$,,
22,1911-01-01,BPN_XTV,1911-01-01T00:00:00-02:00,1,1,1911,325.0,exportacao,milhões,US$,,
23,1912-01-01,BPN_XTV,1912-01-01T00:00:00-02:00,1,1,1912,363.3,exportacao,milhões,US$,,
24,1913-01-01,BPN_XTV,1913-01-01T00:00:00-02:00,1,1,1913,318.9,exportacao,milhões,US$,,
25,1914-01-01,BPN_XTV,1914-01-01T00:00:00-02:00,1,1,1914,228.6,exportacao,milhões,US$,,
26,1915-01-01,BPN_XTV,1915-01-01T00:00:00-02:00,1,1,1915,256.8,exportacao,milhões,US$,,
27,1916-01-01,BPN_XTV,1916-01-01T00:00:00-02:00,1,1,1916,269.4,exportacao,milhões,US$,,
28,1917-01-01,BPN_XTV,1917-01-01T00:00:00-02:00,1,1,1917,300.1,exportacao,milhões,US$,,
29,1918-01-01,BPN_XTV,1918-01-01T00:00:00-02:00,1,1,1918,291.6,exportacao,milhões,US$,,
30,1919-01-01,BPN_XTV,1919-01-01T00:00:00-02:00,1,1,1919,580.6,exportacao,milhões,US$,,
31,1920-01-01,BPN_XTV,1920-01-01T00:00:00-02:00,1,1,1920,408.2,exportacao,milhões,US$,,
32,1921-01-01,BPN_XTV,1921-01-01T00:00:00-02:00,1,1,1921,224.2,exportacao,milhões,US$,,
33,1922-01-01,BPN_XTV,1922-01-01T00:00:00-02:00,1,1,1922,366.1,exportacao,milhões,US$,,
34,1923-01-01,BPN_XTV,1923-01-01T00:00:00-02:00,1,1,1923,336.6,exportacao,milhões,US$,,
35,1924-01-01,BPN_XTV,1924-01-01T00:00:00-02:00,1,1,1924,422.7,exportacao,milhões,US$,,
36,1925-01-01,BPN_XTV,1925-01-01T00:00:00-02:00,1,1,1925,496.9,exportacao,milhões,US$,,
37,1926-01-01,BPN_XTV,1926-01-01T00:00:00-02:00,1,1,1926,458.1,exportacao,milhões,US$,,
38,1927-01-01,BPN_XTV,1927-01-01T00:00:00-02:00,1,1,1927,431.2,exportacao,milhões,US$,,
39,1928-01-01,BPN_XTV,1928-01-01T00:00:00-02:00,1,1,1928,473.9,exportacao,milhões,US$,,
40,1929-01-01,BPN_XTV,1929-01-01T00:00:00-02:00,1,1,1929,460.4,exportacao,milhões,US$,0.09295999999999999,
41,1930-01-01,BPN_XTV,1930-01-01T00:00:00-02:00,1,1,1930,319.4,exportacao,milhões,US$,0.08901999999999999,
42,1931-01-01,BPN_XTV,1931-01-01T00:00:00-02:00,1,1,1931,244.0,exportacao,milhões,US$,0.07949,
43,1932-01-01,BPN_XTV,1932-01-01T00:00:00-02:00,1,1,1932,179.4,exportacao,milhões,US$,0.0701,
44,1933-01-01,BPN_XTV,1933-01-01T00:00:00-02:00,1,1,1933,216.8,exportacao,milhões,US$,0.06761,
45,1934-01-01,BPN_XTV,1934-01-01T00:00:00-02:00,1,1,1934,292.8,exportacao,milhões,US$,0.07067999999999999,
46,1935-01-01,BPN_XTV,1935-01-01T00:00:00-02:00,1,1,1935,269.5,exportacao,milhões,US$,0.07242,
47,1936-01-01,BPN_XTV,1936-01-01T00:00:00-02:00,1,1,1936,320.6,exportacao,milhões,US$,0.07307999999999999,
48,1937-01-01,BPN_XTV,1937-01-01T00:00:00-02:00,1,1,1937,346.8,exportacao,milhões,US$,0.07575,
49,1938-01-01,BPN_XTV,1938-01-01T00:00:00-02:00,1,1,1938,294.3,exportacao,milhões,US$,0.07402,
50,1939-01-01,BPN_XTV,1939-01-01T00:00:00-02:00,1,1,1939,299.9,exportacao,milhões,US$,0.07331,
51,1940-01-01,BPN_XTV,1940-01-01T00:00:00-02:00,1,1,1940,272.6,exportacao,milhões,US$,0.07393,
52,1941-01-01,BPN_XTV,1941-01-01T00:00:00-02:00,1,1,1941,370.4,exportacao,milhões,US$,0.07852,
53,1942-01-01,BPN_XTV,1942-01-01T00:00:00-02:00,1,1,1942,400.8,exportacao,milhões,US$,0.0883,7.06181818181818e-15
54,1943-01-01,BPN_XTV,1943-01-01T00:00:00-02:00,1,1,1943,466.5,exportacao,milhões,US$,0.09641999999999999,7.06181818181818e-15
55,1944-01-01,BPN_XTV,1944-01-01T00:00:00-02:00,1,1,1944,574.5,exportacao,milhões,US$,0.10196,7e-15
56,1945-01-01,BPN_XTV,1945-01-01T00:00:00-02:00,1,1,1945,655.4,exportacao,milhões,US$,0.10604,7e-15
57,1946-01-01,BPN_XTV,1946-01-01T00:00:00-02:00,1,1,1946,985.4,exportacao,milhões,US$,0.11342,6.72727272727273e-15
58,1947-01-01,BPN_XTV,1947-01-01T00:00:00-02:00,1,1,1947,1152.308,exportacao,milhões,US$,0.12492,6.68363636363636e-15
59,1948-01-01,BPN_XTV,1948-01-01T00:00:00-02:00,1,1,1948,1180.461,exportacao,milhões,US$,0.13199,6.68363636363636e-15
60,1949-01-01,BPN_XTV,1949-01-01T00:00:00-02:00,1,1,1949,1096.468,exportacao,milhões,US$,0.13096,6.68363636363636e-15
61,1950-01-01,BPN_XTV,1950-01-01T00:00:00-02:00,1,1,1950,1355.467,exportacao,milhões,US$,0.13252,6.68363636363636e-15
62,1951-01-01,BPN_XTV,1951-01-01T00:00:00-02:00,1,1,1951,1769.002,exportacao,milhões,US$,0.14154999999999998,6.68363636363636e-15
63,1952-01-01,BPN_XTV,1952-01-01T00:00:00-02:00,1,1,1952,1418.117,exportacao,milhões,US$,0.14445,6.68363636363636e-15
64,1953-01-01,BPN_XTV,1953-01-01T00:00:00-02:00,1,1,1953,1539.321,exportacao,milhões,US$,0.14635,1.98181818181818e-14
65,1954-01-01,BPN_XTV,1954-01-01T00:00:00-02:00,1,1,1954,1561.836,exportacao,milhões,US$,0.14758,2.61818181818182e-14
66,1955-01-01,BPN_XTV,1955-01-01T00:00:00-02:00,1,1,1955,1423.246,exportacao,milhões,US$,0.14816000000000001,2.34545454545455e-14
67,1956-01-01,BPN_XTV,1956-01-01T00:00:00-02:00,1,1,1956,1481.969,exportacao,milhões,US$,0.15111,2.30909090909091e-14
68,1957-01-01,BPN_XTV,1957-01-01T00:00:00-02:00,1,1,1957,1391.607,exportacao,milhões,US$,0.1557,3.22909090909091e-14
69,1958-01-01,BPN_XTV,1958-01-01T00:00:00-02:00,1,1,1958,1242.985,exportacao,milhões,US$,0.15938,5.01090909090909e-14
70,1959-01-01,BPN_XTV,1959-01-01T00:00:00-02:00,1,1,1959,1281.969,exportacao,milhões,US$,0.16176,6.54545454545455e-14
71,1960-01-01,BPN_XTV,1960-01-01T00:00:00-02:00,1,1,1960,1268.772,exportacao,milhões,US$,0.16441,6.90909090909091e-14
72,1961-01-01,BPN_XTV,1961-01-01T00:00:00-02:00,1,1,1961,1402.97,exportacao,milhões,US$,0.16612,1.09090909090909e-13
73,1962-01-01,BPN_XTV,1962-01-01T00:00:00-02:00,1,1,1962,1214.185,exportacao,milhões,US$,0.16806000000000001,1.67272727272727e-13
74,1963-01-01,BPN_XTV,1963-01-01T00:00:00-02:00,1,1,1963,1406.48,exportacao,milhões,US$,0.17007000000000003,2.18181818181818e-13
75,1964-01-01,BPN_XTV,1964-01-01T00:00:00-02:00,1,1,1964,1429.79,exportacao,milhões,US$,0.17254000000000003,6.63636363636364e-13
76,1965-01-01,BPN_XTV,1965-01-01T00:00:00-02:00,1,1,1965,1595.479,exportacao,milhões,US$,0.17501999999999998,8e-13
77,1966-01-01,BPN_XTV,1966-01-01T00:00:00-02:00,1,1,1966,1741.442,exportacao,milhões,US$,0.17944,8e-13
78,1967-01-01,BPN_XTV,1967-01-01T00:00:00-02:00,1,1,1967,1654.037,exportacao,milhões,US$,0.18395,9.81818181818182e-13
79,1968-01-01,BPN_XTV,1968-01-01T00:00:00-02:00,1,1,1968,1881.344,exportacao,milhões,US$,0.19115,1.38545454545455e-12
80,1969-01-01,BPN_XTV,1969-01-01T00:00:00-02:00,1,1,1969,2311.169,exportacao,milhões,US$,0.19976,1.57454545454545e-12
81,1970-01-01,BPN_XTV,1970-01-01T00:00:00-02:00,1,1,1970,2738.922,exportacao,milhões,US$,0.2091,1.78909090909091e-12
82,1971-01-01,BPN_XTV,1971-01-01T00:00:00-02:00,1,1,1971,2903.856,exportacao,milhões,US$,0.21797999999999998,2.03636363636364e-12
83,1972-01-01,BPN_XTV,1972-01-01T00:00:00-02:00,1,1,1972,3991.219,exportacao,milhões,US$,0.22542,2.24727272727273e-12
84,1973-01-01,BPN_XTV,1973-01-01T00:00:00-02:00,1,1,1973,6199.2,exportacao,milhões,US$,0.23756,2.24727272727273e-12
85,1974-01-01,BPN_XTV,1974-01-01T00:00:00-02:00,1,1,1974,7950.996,exportacao,milhões,US$,0.26228999999999997,2.69090909090909e-12
86,1975-01-01,BPN_XTV,1975-01-01T00:00:00-02:00,1,1,1975,8669.944,exportacao,milhões,US$,0.28415,3.28e-12
87,1976-01-01,BPN_XTV,1976-01-01T00:00:00-02:00,1,1,1976,10128.303,exportacao,milhões,US$,0.29974,4.46545454545455e-12
88,1977-01-01,BPN_XTV,1977-01-01T00:00:00-02:00,1,1,1977,12120.175,exportacao,milhões,US$,0.31922999999999996,5.8e-12
89,1978-01-01,BPN_XTV,1978-01-01T00:00:00-02:00,1,1,1978,12658.944,exportacao,milhões,US$,0.34145000000000003,7.55636363636364e-12
90,1979-01-01,BPN_XTV,1979-01-01T00:00:00-02:00,1,1,1979,15244.377,exportacao,milhões,US$,0.37178,1.53927272727273e-11
91,1980-01-01,BPN_XTV,1980-01-01T00:00:00-02:00,1,1,1980,20132.401,exportacao,milhões,US$,0.41182,2.36981818181818e-11
92,1981-01-01,BPN_XTV,1981-01-01T00:00:00-02:00,1,1,1981,23293.035,exportacao,milhões,US$,0.44871,4.624e-11
93,1982-01-01,BPN_XTV,1982-01-01T00:00:00-02:00,1,1,1982,20175.071,exportacao,milhões,US$,0.47363,9.14218181818182e-11
94,1983-01-01,BPN_XTV,1983-01-01T00:00:00-02:00,1,1,1983,21899.314,exportacao,milhões,US$,0.49378,3.56e-10
95,1984-01-01,BPN_XTV,1984-01-01T00:00:00-02:00,1,1,1984,27005.336,exportacao,milhões,US$,0.51243,1.152e-09
96,1985-01-01,BPN_XTV,1985-01-01T00:00:00-02:00,1,1,1985,25639.011,exportacao,milhões,US$,0.53031,3.79636363636364e-09
97,1986-01-01,BPN_XTV,1986-01-01T00:00:00-02:00,1,1,1986,22348.603,exportacao,milhões,US$,0.54184,5.40727272727273e-09
98,1987-01-01,BPN_XTV,1987-01-01T00:00:00-02:00,1,1,1987,26223.925,exportacao,milhões,US$,0.55855,2.61418181818182e-08
99,1988-01-01,BPN_XTV,1988-01-01T00:00:00-02:00,1,1,1988,33789.365307,exportacao,milhões,US$,0.58038,2.76905454545455e-07
100,1989-01-01,BPN_XTV,1989-01-01T00:00:00-02:00,1,1,1989,34382.61971,exportacao,milhões,US$,0.60572,4.10909090909091e-06
101,1990-01-01,BPN_XTV,1990-01-01T00:00:00-02:00,1,1,1990,31413.75604,exportacao,milhões,US$,0.63231,6.13054545454545e-05
102,1991-01-01,BPN_XTV,1991-01-01T00:00:00-02:00,1,1,1991,31620.439443,exportacao,milhões,US$,0.65345,0.000388618181818182
103,1992-01-01,BPN_XTV,1992-01-01T00:00:00-02:00,1,1,1992,35792.985844,exportacao,milhões,US$,0.6708700000000001,0.00450436363636364
104,1993-01-01,BPN_XTV,1993-01-01T00:00:00-02:00,1,1,1993,38554.769047,exportacao,milhões,US$,0.68758,0.11858
105,1994-01-01,BPN_XTV,1994-01-01T00:00:00-02:00,1,1,1994,43545.162212,exportacao,milhões,US$,0.7019299999999999,0.844
106,1995-01-01,BPN_XTV,1995-01-01T00:00:00-02:00,1,1,1995,46506.283,exportacao,milhões,US$,0.7167100000000001,0.9715
107,1996-01-01,BPN_XTV,1996-01-01T00:00:00-02:00,1,1,1996,47746.727,exportacao,milhões,US$,0.7320399999999999,1.0386
108,1997-01-01,BPN_XTV,1997-01-01T00:00:00-02:00,1,1,1997,52994.34,exportacao,milhões,US$,0.74478,1.1156
109,1998-01-01,BPN_XTV,1998-01-01T00:00:00-02:00,1,1,1998,51139.862,exportacao,milhões,US$,0.7506999999999999,1.2079
110,1999-01-01,BPN_XTV,1999-01-01T00:00:00-02:00,1,1,1999,48011.445,exportacao,milhões,US$,0.76164,1.7882
111,2000-01-01,BPN_XTV,2000-01-01T00:00:00-02:00,1,1,2000,55085.594537,exportacao,milhões,US$,0.7809,1.9546
112,2001-01-01,BPN_XTV,2001-01-01T00:00:00-02:00,1,1,2001,58222.643,exportacao,milhões,US$,0.79656,2.3196
113,2002-01-01,BPN_XTV,2002-01-01T00:00:00-02:00,1,1,2002,60361.785,exportacao,milhões,US$,0.80702,3.5325
114,2003-01-01,BPN_XTV,2003-01-01T00:00:00-02:00,1,1,2003,73084.140087,exportacao,milhões,US$,0.8239799999999999,2.8884
115,2004-01-01,BPN_XTV,2004-01-01T00:00:00-02:00,1,1,2004,96475.238342,exportacao,milhões,US$,0.84443,2.6536
116,2005-01-01,BPN_XTV,2005-01-01T00:00:00-02:00,1,1,2005,118308.387113,exportacao,milhões,US$,0.8687600000000001,2.3399
117,2006-01-01,BPN_XTV,2006-01-01T00:00:00-02:00,1,1,2006,137807.469531,exportacao,milhões,US$,0.89322,2.1372
118,2007-01-01,BPN_XTV,2007-01-01T00:00:00-02:00,1,1,2007,160649.07283,exportacao,milhões,US$,0.9161400000000001,1.7705
119,2008-01-01,BPN_XTV,2008-01-01T00:00:00-02:00,1,1,2008,197942.442909,exportacao,milhões,US$,0.94325,2.3362
120,2009-01-01,BPN_XTV,2009-01-01T00:00:00-02:00,1,1,2009,152994.7423,exportacao,milhões,US$,0.94062,1.7404
121,2010-01-01,BPN_XTV,2010-01-01T00:00:00-02:00,1,1,2010,201915.285335,exportacao,milhões,US$,0.95747,1.6654
122,2011-01-01,BPN_XTV,2011-01-01T00:00:00-02:00,1,1,2011,256039.574768,exportacao,milhões,US$,0.9817,1.8751
123,2012-01-01,BPN_XTV,2012-01-01T00:00:00-02:00,1,1,2012,242578.013546,exportacao,milhões,US$,1.0,2.0429
124,2013-01-01,BPN_XTV,2013-01-01T00:00:00-02:00,1,1,2013,242033.57472,exportacao,milhões,US$,1.0135399999999999,2.342
125,2014-01-01,BPN_XTV,2014-01-01T00:00:00-02:00,1,1,2014,225100.884831,exportacao,milhões,US$,1.02887,2.6556
126,1889-01-01,BPN_MTV,1889-01-01T00:00:00-02:00,1,1,1889,116.6,importacao,milhões,US$,,
127,1890-01-01,BPN_MTV,1890-01-01T00:00:00-02:00,1,1,1890,116.7,importacao,milhões,US$,,
128,1891-01-01,BPN_MTV,1891-01-01T00:00:00-02:00,1,1,1891,124.2,importacao,milhões,US$,,
129,1892-01-01,BPN_MTV,1892-01-01T00:00:00-02:00,1,1,1892,127.8,importacao,milhões,US$,,
130,1893-01-01,BPN_MTV,1893-01-01T00:00:00-02:00,1,1,1893,127.4,importacao,milhões,US$,,
131,1894-01-01,BPN_MTV,1894-01-01T00:00:00-02:00,1,1,1894,131.9,importacao,milhões,US$,,
132,1895-01-01,BPN_MTV,1895-01-01T00:00:00-02:00,1,1,1895,142.0,importacao,milhões,US$,,
133,1896-01-01,BPN_MTV,1896-01-01T00:00:00-02:00,1,1,1896,135.5,importacao,milhões,US$,,
134,1897-01-01,BPN_MTV,1897-01-01T00:00:00-02:00,1,1,1897,111.7,importacao,milhões,US$,,
135,1898-01-01,BPN_MTV,1898-01-01T00:00:00-02:00,1,1,1898,114.5,importacao,milhões,US$,,
136,1899-01-01,BPN_MTV,1899-01-01T00:00:00-02:00,1,1,1899,109.7,importacao,milhões,US$,,
137,1900-01-01,BPN_MTV,1900-01-01T00:00:00-02:00,1,1,1900,104.0,importacao,milhões,US$,,
138,1901-01-01,BPN_MTV,1901-01-01T00:00:00-02:00,1,1,1901,89.4,importacao,milhões,US$,,
139,1902-01-01,BPN_MTV,1902-01-01T00:00:00-02:00,1,1,1902,97.2,importacao,milhões,US$,,
140,1903-01-01,BPN_MTV,1903-01-01T00:00:00-02:00,1,1,1903,101.6,importacao,milhões,US$,,
141,1904-01-01,BPN_MTV,1904-01-01T00:00:00-02:00,1,1,1904,108.9,importacao,milhões,US$,,
142,1905-01-01,BPN_MTV,1905-01-01T00:00:00-02:00,1,1,1905,125.9,importacao,milhões,US$,,
143,1906-01-01,BPN_MTV,1906-01-01T00:00:00-02:00,1,1,1906,139.0,importacao,milhões,US$,,
144,1907-01-01,BPN_MTV,1907-01-01T00:00:00-02:00,1,1,1907,169.6,importacao,milhões,US$,,
145,1908-01-01,BPN_MTV,1908-01-01T00:00:00-02:00,1,1,1908,148.7,importacao,milhões,US$,,
146,1909-01-01,BPN_MTV,1909-01-01T00:00:00-02:00,1,1,1909,155.5,importacao,milhões,US$,,
147,1910-01-01,BPN_MTV,1910-01-01T00:00:00-02:00,1,1,1910,201.1,importacao,milhões,US$,,
148,1911-01-01,BPN_MTV,1911-01-01T00:00:00-02:00,1,1,1911,220.9,importacao,milhões,US$,,
149,1912-01-01,BPN_MTV,1912-01-01T00:00:00-02:00,1,1,1912,261.0,importacao,milhões,US$,,
150,1913-01-01,BPN_MTV,1913-01-01T00:00:00-02:00,1,1,1913,273.6,importacao,milhões,US$,,
151,1914-01-01,BPN_MTV,1914-01-01T00:00:00-02:00,1,1,1914,146.0,importacao,milhões,US$,,
152,1915-01-01,BPN_MTV,1915-01-01T00:00:00-02:00,1,1,1915,115.1,importacao,milhões,US$,,
153,1916-01-01,BPN_MTV,1916-01-01T00:00:00-02:00,1,1,1916,148.3,importacao,milhões,US$,,
154,1917-01-01,BPN_MTV,1917-01-01T00:00:00-02:00,1,1,1917,158.6,importacao,milhões,US$,,
155,1918-01-01,BPN_MTV,1918-01-01T00:00:00-02:00,1,1,1918,193.9,importacao,milhões,US$,,
156,1919-01-01,BPN_MTV,1919-01-01T00:00:00-02:00,1,1,1919,280.4,importacao,milhões,US$,,
157,1920-01-01,BPN_MTV,1920-01-01T00:00:00-02:00,1,1,1920,381.8,importacao,milhões,US$,,
158,1921-01-01,BPN_MTV,1921-01-01T00:00:00-02:00,1,1,1921,201.1,importacao,milhões,US$,,
159,1922-01-01,BPN_MTV,1922-01-01T00:00:00-02:00,1,1,1922,231.5,importacao,milhões,US$,,
160,1923-01-01,BPN_MTV,1923-01-01T00:00:00-02:00,1,1,1923,207.7,importacao,milhões,US$,,
161,1924-01-01,BPN_MTV,1924-01-01T00:00:00-02:00,1,1,1924,282.7,importacao,milhões,US$,,
162,1925-01-01,BPN_MTV,1925-01-01T00:00:00-02:00,1,1,1925,359.3,importacao,milhões,US$,,
163,1926-01-01,BPN_MTV,1926-01-01T00:00:00-02:00,1,1,1926,339.6,importacao,milhões,US$,,
164,1927-01-01,BPN_MTV,1927-01-01T00:00:00-02:00,1,1,1927,335.4,importacao,milhões,US$,,
165,1928-01-01,BPN_MTV,1928-01-01T00:00:00-02:00,1,1,1928,388.8,importacao,milhões,US$,,
166,1929-01-01,BPN_MTV,1929-01-01T00:00:00-02:00,1,1,1929,367.7,importacao,milhões,US$,0.09295999999999999,
167,1930-01-01,BPN_MTV,1930-01-01T00:00:00-02:00,1,1,1930,225.5,importacao,milhões,US$,0.08901999999999999,
168,1931-01-01,BPN_MTV,1931-01-01T00:00:00-02:00,1,1,1931,116.5,importacao,milhões,US$,0.07949,
169,1932-01-01,BPN_MTV,1932-01-01T00:00:00-02:00,1,1,1932,92.8,importacao,milhões,US$,0.0701,
170,1933-01-01,BPN_MTV,1933-01-01T00:00:00-02:00,1,1,1933,148.2,importacao,milhões,US$,0.06761,
171,1934-01-01,BPN_MTV,1934-01-01T00:00:00-02:00,1,1,1934,184.8,importacao,milhões,US$,0.07067999999999999,
172,1935-01-01,BPN_MTV,1935-01-01T00:00:00-02:00,1,1,1935,196.5,importacao,milhões,US$,0.07242,
173,1936-01-01,BPN_MTV,1936-01-01T00:00:00-02:00,1,1,1936,196.4,importacao,milhões,US$,0.07307999999999999,
174,1937-01-01,BPN_MTV,1937-01-01T00:00:00-02:00,1,1,1937,279.2,importacao,milhões,US$,0.07575,
175,1938-01-01,BPN_MTV,1938-01-01T00:00:00-02:00,1,1,1938,246.5,importacao,milhões,US$,0.07402,
176,1939-01-01,BPN_MTV,1939-01-01T00:00:00-02:00,1,1,1939,218.0,importacao,milhões,US$,0.07331,
177,1940-01-01,BPN_MTV,1940-01-01T00:00:00-02:00,1,1,1940,227.3,importacao,milhões,US$,0.07393,
178,1941-01-01,BPN_MTV,1941-01-01T00:00:00-02:00,1,1,1941,253.1,importacao,milhões,US$,0.07852,
179,1942-01-01,BPN_MTV,1942-01-01T00:00:00-02:00,1,1,1942,209.5,importacao,milhões,US$,0.0883,7.06181818181818e-15
180,1943-01-01,BPN_MTV,1943-01-01T00:00:00-02:00,1,1,1943,275.4,importacao,milhões,US$,0.09641999999999999,7.06181818181818e-15
181,1944-01-01,BPN_MTV,1944-01-01T00:00:00-02:00,1,1,1944,360.3,importacao,milhões,US$,0.10196,7e-15
182,1945-01-01,BPN_MTV,1945-01-01T00:00:00-02:00,1,1,1945,389.4,importacao,milhões,US$,0.10604,7e-15
183,1946-01-01,BPN_MTV,1946-01-01T00:00:00-02:00,1,1,1946,584.4,importacao,milhões,US$,0.11342,6.72727272727273e-15
184,1947-01-01,BPN_MTV,1947-01-01T00:00:00-02:00,1,1,1947,1056.119,importacao,milhões,US$,0.12492,6.68363636363636e-15
185,1948-01-01,BPN_MTV,1948-01-01T00:00:00-02:00,1,1,1948,973.016,importacao,milhões,US$,0.13199,6.68363636363636e-15
186,1949-01-01,BPN_MTV,1949-01-01T00:00:00-02:00,1,1,1949,957.4,importacao,milhões,US$,0.13096,6.68363636363636e-15
187,1950-01-01,BPN_MTV,1950-01-01T00:00:00-02:00,1,1,1950,941.883,importacao,milhões,US$,0.13252,6.68363636363636e-15
188,1951-01-01,BPN_MTV,1951-01-01T00:00:00-02:00,1,1,1951,1724.794,importacao,milhões,US$,0.14154999999999998,6.68363636363636e-15
189,1952-01-01,BPN_MTV,1952-01-01T00:00:00-02:00,1,1,1952,1720.25,importacao,milhões,US$,0.14445,6.68363636363636e-15
190,1953-01-01,BPN_MTV,1953-01-01T00:00:00-02:00,1,1,1953,1144.603,importacao,milhões,US$,0.14635,1.98181818181818e-14
191,1954-01-01,BPN_MTV,1954-01-01T00:00:00-02:00,1,1,1954,1414.687,importacao,milhões,US$,0.14758,2.61818181818182e-14
192,1955-01-01,BPN_MTV,1955-01-01T00:00:00-02:00,1,1,1955,1103.79,importacao,milhões,US$,0.14816000000000001,2.34545454545455e-14
193,1956-01-01,BPN_MTV,1956-01-01T00:00:00-02:00,1,1,1956,1074.532,importacao,milhões,US$,0.15111,2.30909090909091e-14
194,1957-01-01,BPN_MTV,1957-01-01T00:00:00-02:00,1,1,1957,1285.288,importacao,milhões,US$,0.1557,3.22909090909091e-14
195,1958-01-01,BPN_MTV,1958-01-01T00:00:00-02:00,1,1,1958,1177.177,importacao,milhões,US$,0.15938,5.01090909090909e-14
196,1959-01-01,BPN_MTV,1959-01-01T00:00:00-02:00,1,1,1959,1209.8,importacao,milhões,US$,0.16176,6.54545454545455e-14
197,1960-01-01,BPN_MTV,1960-01-01T00:00:00-02:00,1,1,1960,1292.8,importacao,milhões,US$,0.16441,6.90909090909091e-14
198,1961-01-01,BPN_MTV,1961-01-01T00:00:00-02:00,1,1,1961,1291.833,importacao,milhões,US$,0.16612,1.09090909090909e-13
199,1962-01-01,BPN_MTV,1962-01-01T00:00:00-02:00,1,1,1962,1303.9,importacao,milhões,US$,0.16806000000000001,1.67272727272727e-13
200,1963-01-01,BPN_MTV,1963-01-01T00:00:00-02:00,1,1,1963,1294.0,importacao,milhões,US$,0.17007000000000003,2.18181818181818e-13
201,1964-01-01,BPN_MTV,1964-01-01T00:00:00-02:00,1,1,1964,1086.4,importacao,milhões,US$,0.17254000000000003,6.63636363636364e-13
202,1965-01-01,BPN_MTV,1965-01-01T00:00:00-02:00,1,1,1965,940.6,importacao,milhões,US$,0.17501999999999998,8e-13
203,1966-01-01,BPN_MTV,1966-01-01T00:00:00-02:00,1,1,1966,1303.4,importacao,milhões,US$,0.17944,8e-13
204,1967-01-01,BPN_MTV,1967-01-01T00:00:00-02:00,1,1,1967,1441.266,importacao,milhões,US$,0.18395,9.81818181818182e-13
205,1968-01-01,BPN_MTV,1968-01-01T00:00:00-02:00,1,1,1968,1855.1,importacao,milhões,US$,0.19115,1.38545454545455e-12
206,1969-01-01,BPN_MTV,1969-01-01T00:00:00-02:00,1,1,1969,1993.242,importacao,milhões,US$,0.19976,1.57454545454545e-12
207,1970-01-01,BPN_MTV,1970-01-01T00:00:00-02:00,1,1,1970,2506.9,importacao,milhões,US$,0.2091,1.78909090909091e-12
208,1971-01-01,BPN_MTV,1971-01-01T00:00:00-02:00,1,1,1971,3247.393,importacao,milhões,US$,0.21797999999999998,2.03636363636364e-12
209,1972-01-01,BPN_MTV,1972-01-01T00:00:00-02:00,1,1,1972,4232.348,importacao,milhões,US$,0.22542,2.24727272727273e-12
210,1973-01-01,BPN_MTV,1973-01-01T00:00:00-02:00,1,1,1973,6192.238,importacao,milhões,US$,0.23756,2.24727272727273e-12
211,1974-01-01,BPN_MTV,1974-01-01T00:00:00-02:00,1,1,1974,12641.32,importacao,milhões,US$,0.26228999999999997,2.69090909090909e-12
212,1975-01-01,BPN_MTV,1975-01-01T00:00:00-02:00,1,1,1975,12210.34,importacao,milhões,US$,0.28415,3.28e-12
213,1976-01-01,BPN_MTV,1976-01-01T00:00:00-02:00,1,1,1976,12382.982,importacao,milhões,US$,0.29974,4.46545454545455e-12
214,1977-01-01,BPN_MTV,1977-01-01T00:00:00-02:00,1,1,1977,12023.412,importacao,milhões,US$,0.31922999999999996,5.8e-12
215,1978-01-01,BPN_MTV,1978-01-01T00:00:00-02:00,1,1,1978,13683.146,importacao,milhões,US$,0.34145000000000003,7.55636363636364e-12
216,1979-01-01,BPN_MTV,1979-01-01T00:00:00-02:00,1,1,1979,18083.861,importacao,milhões,US$,0.37178,1.53927272727273e-11
217,1980-01-01,BPN_MTV,1980-01-01T00:00:00-02:00,1,1,1980,22955.169,importacao,milhões,US$,0.41182,2.36981818181818e-11
218,1981-01-01,BPN_MTV,1981-01-01T00:00:00-02:00,1,1,1981,22090.58,importacao,milhões,US$,0.44871,4.624e-11
219,1982-01-01,BPN_MTV,1982-01-01T00:00:00-02:00,1,1,1982,19394.998,importacao,milhões,US$,0.47363,9.14218181818182e-11
220,1983-01-01,BPN_MTV,1983-01-01T00:00:00-02:00,1,1,1983,15428.925,importacao,milhões,US$,0.49378,3.56e-10
221,1984-01-01,BPN_MTV,1984-01-01T00:00:00-02:00,1,1,1984,13915.821,importacao,milhões,US$,0.51243,1.152e-09
222,1985-01-01,BPN_MTV,1985-01-01T00:00:00-02:00,1,1,1985,13153.491,importacao,milhões,US$,0.53031,3.79636363636364e-09
223,1986-01-01,BPN_MTV,1986-01-01T00:00:00-02:00,1,1,1986,14044.304,importacao,milhões,US$,0.54184,5.40727272727273e-09
224,1987-01-01,BPN_MTV,1987-01-01T00:00:00-02:00,1,1,1987,15050.827,importacao,milhões,US$,0.55855,2.61418181818182e-08
225,1988-01-01,BPN_MTV,1988-01-01T00:00:00-02:00,1,1,1988,14605.254,importacao,milhões,US$,0.58038,2.76905454545455e-07
226,1989-01-01,BPN_MTV,1989-01-01T00:00:00-02:00,1,1,1989,18263.432738,importacao,milhões,US$,0.60572,4.10909090909091e-06
227,1990-01-01,BPN_MTV,1990-01-01T00:00:00-02:00,1,1,1990,20661.362039,importacao,milhões,US$,0.63231,6.13054545454545e-05
228,1991-01-01,BPN_MTV,1991-01-01T00:00:00-02:00,1,1,1991,21040.470792,importacao,milhões,US$,0.65345,0.000388618181818182
229,1992-01-01,BPN_MTV,1992-01-01T00:00:00-02:00,1,1,1992,20554.091051,importacao,milhões,US$,0.6708700000000001,0.00450436363636364
230,1993-01-01,BPN_MTV,1993-01-01T00:00:00-02:00,1,1,1993,25256.000927,importacao,milhões,US$,0.68758,0.11858
231,1994-01-01,BPN_MTV,1994-01-01T00:00:00-02:00,1,1,1994,33078.690132,importacao,milhões,US$,0.7019299999999999,0.844
232,1995-01-01,BPN_MTV,1995-01-01T00:00:00-02:00,1,1,1995,49971.898,importacao,milhões,US$,0.7167100000000001,0.9715
233,1996-01-01,BPN_MTV,1996-01-01T00:00:00-02:00,1,1,1996,53345.768,importacao,milhões,US$,0.7320399999999999,1.0386
234,1997-01-01,BPN_MTV,1997-01-01T00:00:00-02:00,1,1,1997,59747.227,importacao,milhões,US$,0.74478,1.1156
235,1998-01-01,BPN_MTV,1998-01-01T00:00:00-02:00,1,1,1998,57714.364,importacao,milhões,US$,0.7506999999999999,1.2079
236,1999-01-01,BPN_MTV,1999-01-01T00:00:00-02:00,1,1,1999,49210.313,importacao,milhões,US$,0.76164,1.7882
237,2000-01-01,BPN_MTV,2000-01-01T00:00:00-02:00,1,1,2000,55783.342,importacao,milhões,US$,0.7809,1.9546
238,2001-01-01,BPN_MTV,2001-01-01T00:00:00-02:00,1,1,2001,55572.176,importacao,milhões,US$,0.79656,2.3196
239,2002-01-01,BPN_MTV,2002-01-01T00:00:00-02:00,1,1,2002,47240.488,importacao,milhões,US$,0.80702,3.5325
240,2003-01-01,BPN_MTV,2003-01-01T00:00:00-02:00,1,1,2003,48290.216,importacao,milhões,US$,0.8239799999999999,2.8884
241,2004-01-01,BPN_MTV,2004-01-01T00:00:00-02:00,1,1,2004,62834.697626,importacao,milhões,US$,0.84443,2.6536
242,2005-01-01,BPN_MTV,2005-01-01T00:00:00-02:00,1,1,2005,73605.508858,importacao,milhões,US$,0.8687600000000001,2.3399
243,2006-01-01,BPN_MTV,2006-01-01T00:00:00-02:00,1,1,2006,91350.840805,importacao,milhões,US$,0.89322,2.1372
244,2007-01-01,BPN_MTV,2007-01-01T00:00:00-02:00,1,1,2007,120617.44625,importacao,milhões,US$,0.9161400000000001,1.7705
245,2008-01-01,BPN_MTV,2008-01-01T00:00:00-02:00,1,1,2008,173106.690502,importacao,milhões,US$,0.94325,2.3362
246,2009-01-01,BPN_MTV,2009-01-01T00:00:00-02:00,1,1,2009,127704.9366,importacao,milhões,US$,0.94062,1.7404
247,2010-01-01,BPN_MTV,2010-01-01T00:00:00-02:00,1,1,2010,181768.427438,importacao,milhões,US$,0.95747,1.6654
248,2011-01-01,BPN_MTV,2011-01-01T00:00:00-02:00,1,1,2011,226246.755801,importacao,milhões,US$,0.9817,1.8751
249,2012-01-01,BPN_MTV,2012-01-01T00:00:00-02:00,1,1,2012,223183.476643,importacao,milhões,US$,1.0,2.0429
250,2013-01-01,BPN_MTV,2013-01-01T00:00:00-02:00,1,1,2013,239634.090082,importacao,milhões,US$,1.0135399999999999,2.342
251,2014-01-01,BPN_MTV,2014-01-01T00:00:00-02:00,1,1,2014,229031.01951,importacao,milhões,US$,1.02887,2.6556
252,1946-01-01,BM_M0FN,1946-01-01T00:00:00-02:00,1,1,1946,9.34545454545455e-12,base_monetaria,milhões,R$,0.11342,6.72727272727273e-15
253,1947-01-01,BM_M0FN,1947-01-01T00:00:00-02:00,1,1,1947,9.23636363636364e-12,base_monetaria,milhões,R$,0.12492,6.68363636363636e-15
254,1948-01-01,BM_M0FN,1948-01-01T00:00:00-02:00,1,1,1948,9.96363636363636e-12,base_monetaria,milhões,R$,0.13199,6.68363636363636e-15
255,1949-01-01,BM_M0FN,1949-01-01T00:00:00-02:00,1,1,1949,1.06545454545455e-11,base_monetaria,milhões,R$,0.13096,6.68363636363636e-15
256,1950-01-01,BM_M0FN,1950-01-01T00:00:00-02:00,1,1,1950,1.42181818181818e-11,base_monetaria,milhões,R$,0.13252,6.68363636363636e-15
257,1951-01-01,BM_M0FN,1951-01-01T00:00:00-02:00,1,1,1951,1.58909090909091e-11,base_monetaria,milhões,R$,0.14154999999999998,6.68363636363636e-15
258,1952-01-01,BM_M0FN,1952-01-01T00:00:00-02:00,1,1,1952,1.86909090909091e-11,base_monetaria,milhões,R$,0.14445,6.68363636363636e-15
259,1953-01-01,BM_M0FN,1953-01-01T00:00:00-02:00,1,1,1953,2.21454545454545e-11,base_monetaria,milhões,R$,0.14635,1.98181818181818e-14
260,1954-01-01,BM_M0FN,1954-01-01T00:00:00-02:00,1,1,1954,2.69090909090909e-11,base_monetaria,milhões,R$,0.14758,2.61818181818182e-14
261,1955-01-01,BM_M0FN,1955-01-01T00:00:00-02:00,1,1,1955,3.19272727272727e-11,base_monetaria,milhões,R$,0.14816000000000001,2.34545454545455e-14
262,1956-01-01,BM_M0FN,1956-01-01T00:00:00-02:00,1,1,1956,3.74545454545455e-11,base_monetaria,milhões,R$,0.15111,2.30909090909091e-14
263,1957-01-01,BM_M0FN,1957-01-01T00:00:00-02:00,1,1,1957,5.00363636363636e-11,base_monetaria,milhões,R$,0.1557,3.22909090909091e-14
264,1958-01-01,BM_M0FN,1958-01-01T00:00:00-02:00,1,1,1958,5.88727272727273e-11,base_monetaria,milhões,R$,0.15938,5.01090909090909e-14
265,1959-01-01,BM_M0FN,1959-01-01T00:00:00-02:00,1,1,1959,8.10545454545455e-11,base_monetaria,milhões,R$,0.16176,6.54545454545455e-14
266,1960-01-01,BM_M0FN,1960-01-01T00:00:00-02:00,1,1,1960,1.09636363636364e-10,base_monetaria,milhões,R$,0.16441,6.90909090909091e-14
267,1961-01-01,BM_M0FN,1961-01-01T00:00:00-02:00,1,1,1961,1.65127272727273e-10,base_monetaria,milhões,R$,0.16612,1.09090909090909e-13
268,1962-01-01,BM_M0FN,1962-01-01T00:00:00-02:00,1,1,1962,2.80218181818182e-10,base_monetaria,milhões,R$,0.16806000000000001,1.67272727272727e-13
269,1963-01-01,BM_M0FN,1963-01-01T00:00:00-02:00,1,1,1963,4.97709090909091e-10,base_monetaria,milhões,R$,0.17007000000000003,2.18181818181818e-13
270,1964-01-01,BM_M0FN,1964-01-01T00:00:00-02:00,1,1,1964,8.40981818181818e-10,base_monetaria,milhões,R$,0.17254000000000003,6.63636363636364e-13
271,1965-01-01,BM_M0FN,1965-01-01T00:00:00-02:00,1,1,1965,1.39781818181818e-09,base_monetaria,milhões,R$,0.17501999999999998,8e-13
272,1966-01-01,BM_M0FN,1966-01-01T00:00:00-02:00,1,1,1966,1.73130909090909e-09,base_monetaria,milhões,R$,0.17944,8e-13
273,1967-01-01,BM_M0FN,1967-01-01T00:00:00-02:00,1,1,1967,2.21650909090909e-09,base_monetaria,milhões,R$,0.18395,9.81818181818182e-13
274,1968-01-01,BM_M0FN,1968-01-01T00:00:00-02:00,1,1,1968,3.13421818181818e-09,base_monetaria,milhões,R$,0.19115,1.38545454545455e-12
275,1969-01-01,BM_M0FN,1969-01-01T00:00:00-02:00,1,1,1969,3.8688e-09,base_monetaria,milhões,R$,0.19976,1.57454545454545e-12
276,1970-01-01,BM_M0FN,1970-01-01T00:00:00-02:00,1,1,1970,4.49490909090909e-09,base_monetaria,milhões,R$,0.2091,1.78909090909091e-12
277,1971-01-01,BM_M0FN,1971-01-01T00:00:00-02:00,1,1,1971,6.03745454545454e-09,base_monetaria,milhões,R$,0.21797999999999998,2.03636363636364e-12
278,1972-01-01,BM_M0FN,1972-01-01T00:00:00-02:00,1,1,1972,7.28109090909091e-09,base_monetaria,milhões,R$,0.22542,2.24727272727273e-12
279,1973-01-01,BM_M0FN,1973-01-01T00:00:00-02:00,1,1,1973,1.02607272727273e-08,base_monetaria,milhões,R$,0.23756,2.24727272727273e-12
280,1974-01-01,BM_M0FN,1974-01-01T00:00:00-02:00,1,1,1974,1.34210909090909e-08,base_monetaria,milhões,R$,0.26228999999999997,2.69090909090909e-12
281,1975-01-01,BM_M0FN,1975-01-01T00:00:00-02:00,1,1,1975,1.81654545454545e-08,base_monetaria,milhões,R$,0.28415,3.28e-12
282,1976-01-01,BM_M0FN,1976-01-01T00:00:00-02:00,1,1,1976,2.89032727272727e-08,base_monetaria,milhões,R$,0.29974,4.46545454545455e-12
283,1977-01-01,BM_M0FN,1977-01-01T00:00:00-02:00,1,1,1977,4.72156363636364e-08,base_monetaria,milhões,R$,0.31922999999999996,5.8e-12
284,1978-01-01,BM_M0FN,1978-01-01T00:00:00-02:00,1,1,1978,7.04250909090909e-08,base_monetaria,milhões,R$,0.34145000000000003,7.55636363636364e-12
285,1979-01-01,BM_M0FN,1979-01-01T00:00:00-02:00,1,1,1979,1.33180727272727e-07,base_monetaria,milhões,R$,0.37178,1.53927272727273e-11
286,1980-01-01,BM_M0FN,1980-01-01T00:00:00-02:00,1,1,1980,2.11037454545455e-07,base_monetaria,milhões,R$,0.41182,2.36981818181818e-11
287,1981-01-01,BM_M0FN,1981-01-01T00:00:00-02:00,1,1,1981,3.52921818181818e-07,base_monetaria,milhões,R$,0.44871,4.624e-11
288,1982-01-01,BM_M0FN,1982-01-01T00:00:00-02:00,1,1,1982,7.06909090909091e-07,base_monetaria,milhões,R$,0.47363,9.14218181818182e-11
289,1983-01-01,BM_M0FN,1983-01-01T00:00:00-02:00,1,1,1983,1.27090909090909e-06,base_monetaria,milhões,R$,0.49378,3.56e-10
290,1984-01-01,BM_M0FN,1984-01-01T00:00:00-02:00,1,1,1984,4.62727272727273e-06,base_monetaria,milhões,R$,0.51243,1.152e-09
291,1985-01-01,BM_M0FN,1985-01-01T00:00:00-02:00,1,1,1985,1.65338181818182e-05,base_monetaria,milhões,R$,0.53031,3.79636363636364e-09
292,1986-01-01,BM_M0FN,1986-01-01T00:00:00-02:00,1,1,1986,6.50527272727273e-05,base_monetaria,milhões,R$,0.54184,5.40727272727273e-09
293,1987-01-01,BM_M0FN,1987-01-01T00:00:00-02:00,1,1,1987,0.000183102181818182,base_monetaria,milhões,R$,0.55855,2.61418181818182e-08
294,1988-01-01,BM_M0FN,1988-01-01T00:00:00-02:00,1,1,1988,0.00132260072727273,base_monetaria,milhões,R$,0.58038,2.76905454545455e-07
295,1989-01-01,BM_M0FN,1989-01-01T00:00:00-02:00,1,1,1989,0.0245221818181818,base_monetaria,milhões,R$,0.60572,4.10909090909091e-06
296,1990-01-01,BM_M0FN,1990-01-01T00:00:00-02:00,1,1,1990,0.589553090909091,base_monetaria,milhões,R$,0.63231,6.13054545454545e-05
297,1991-01-01,BM_M0FN,1991-01-01T00:00:00-02:00,1,1,1991,2.30624327272727,base_monetaria,milhões,R$,0.65345,0.000388618181818182
298,1992-01-01,BM_M0FN,1992-01-01T00:00:00-02:00,1,1,1992,25.1673581818182,base_monetaria,milhões,R$,0.6708700000000001,0.00450436363636364
299,1993-01-01,BM_M0FN,1993-01-01T00:00:00-02:00,1,1,1993,516.729080363636,base_monetaria,milhões,R$,0.68758,0.11858
300,1994-01-01,BM_M0FN,1994-01-01T00:00:00-02:00,1,1,1994,17684.551,base_monetaria,milhões,R$,0.7019299999999999,0.844
301,1995-01-01,BM_M0FN,1995-01-01T00:00:00-02:00,1,1,1995,21681.591,base_monetaria,milhões,R$,0.7167100000000001,0.9715
302,1996-01-01,BM_M0FN,1996-01-01T00:00:00-02:00,1,1,1996,19795.697,base_monetaria,milhões,R$,0.7320399999999999,1.0386
303,1997-01-01,BM_M0FN,1997-01-01T00:00:00-02:00,1,1,1997,31828.332,base_monetaria,milhões,R$,0.74478,1.1156
304,1998-01-01,BM_M0FN,1998-01-01T00:00:00-02:00,1,1,1998,39184.378,base_monetaria,milhões,R$,0.7506999999999999,1.2079
305,1999-01-01,BM_M0FN,1999-01-01T00:00:00-02:00,1,1,1999,48430.157,base_monetaria,milhões,R$,0.76164,1.7882
306,2000-01-01,BM_M0FN,2000-01-01T00:00:00-02:00,1,1,2000,47686.213,base_monetaria,milhões,R$,0.7809,1.9546
307,2001-01-01,BM_M0FN,2001-01-01T00:00:00-02:00,1,1,2001,53255.971,base_monetaria,milhões,R$,0.79656,2.3196
308,2002-01-01,BM_M0FN,2002-01-01T00:00:00-02:00,1,1,2002,73302.272,base_monetaria,milhões,R$,0.80702,3.5325
309,2003-01-01,BM_M0FN,2003-01-01T00:00:00-02:00,1,1,2003,73219.136,base_monetaria,milhões,R$,0.8239799999999999,2.8884
310,2004-01-01,BM_M0FN,2004-01-01T00:00:00-02:00,1,1,2004,88732.677,base_monetaria,milhões,R$,0.84443,2.6536
311,2005-01-01,BM_M0FN,2005-01-01T00:00:00-02:00,1,1,2005,101247.235,base_monetaria,milhões,R$,0.8687600000000001,2.3399
312,2006-01-01,BM_M0FN,2006-01-01T00:00:00-02:00,1,1,2006,121102.001,base_monetaria,milhões,R$,0.89322,2.1372
313,2007-01-01,BM_M0FN,2007-01-01T00:00:00-02:00,1,1,2007,146616.867,base_monetaria,milhões,R$,0.9161400000000001,1.7705
314,2008-01-01,BM_M0FN,2008-01-01T00:00:00-02:00,1,1,2008,147549.705,base_monetaria,milhões,R$,0.94325,2.3362
315,2009-01-01,BM_M0FN,2009-01-01T00:00:00-02:00,1,1,2009,166072.835,base_monetaria,milhões,R$,0.94062,1.7404
316,2010-01-01,BM_M0FN,2010-01-01T00:00:00-02:00,1,1,2010,206853.322,base_monetaria,milhões,R$,0.95747,1.6654
317,2011-01-01,BM_M0FN,2011-01-01T00:00:00-02:00,1,1,2011,214235.311,base_monetaria,milhões,R$,0.9817,1.8751
318,2012-01-01,BM_M0FN,2012-01-01T00:00:00-02:00,1,1,2012,233371.452,base_monetaria,milhões,R$,1.0,2.0429
319,2013-01-01,BM_M0FN,2013-01-01T00:00:00-02:00,1,1,2013,249509.778,base_monetaria,milhões,R$,1.0135399999999999,2.342
320,2014-01-01,BM_M0FN,2014-01-01T00:00:00-02:00,1,1,2014,263528.517,base_monetaria,milhões,R$,1.02887,2.6556
321,2015-01-01,BM_M0FN,2015-01-01T00:00:00-02:00,1,1,2015,255288.922,base_monetaria,milhões,R$,1.03116,3.9042
322,2016-01-01,BM_M0FN,2016-01-01T00:00:00-02:00,1,1,2016,270287.146,base_monetaria,milhões,R$,1.04148,3.2585
323,2017-01-01,BM_M0FN,2017-01-01T00:00:00-02:00,1,1,2017,296755.456,base_monetaria,milhões,R$,1.06054,3.3074
324,2018-01-01,BM_M0FN,2018-01-01T00:00:00-02:00,1,1,2018,302049.461,base_monetaria,milhões,R$,1.08317,3.8742
325,2019-01-01,BM_M0FN,2019-01-01T00:00:00-02:00,1,1,2019,316586.707,base_monetaria,milhões,R$,1.0993300000000001,4.0301
326,2020-01-01,BM_M0FN,2020-01-01T00:00:00-03:00,1,1,2020,431536.653,base_monetaria,milhões,R$,1.11145,5.1961
327,2021-01-01,BM_M0FN,2021-01-01T00:00:00-03:00,1,1,2021,409183.519,base_monetaria,milhões,R$,1.15621,5.5799
328,2022-01-01,BM_M0FN,2022-01-01T00:00:00-03:00,1,1,2022,419659.918,base_monetaria,milhões,R$,1.22861,5.2171
329,1945-01-01,IGP_IGPDIG,1945-01-01T00:00:00-02:00,1,1,1945,11.1110545790605,inflacao,,(% a.a.),0.10604,7e-15
330,1946-01-01,IGP_IGPDIG,1946-01-01T00:00:00-02:00,1,1,1946,22.2222731010937,inflacao,,(% a.a.),0.11342,6.72727272727273e-15
331,1947-01-01,IGP_IGPDIG,1947-01-01T00:00:00-02:00,1,1,1947,2.72725161044742,inflacao,,(% a.a.),0.12492,6.68363636363636e-15
332,1948-01-01,IGP_IGPDIG,1948-01-01T00:00:00-02:00,1,1,1948,7.96461467988947,inflacao,,(% a.a.),0.13199,6.68363636363636e-15
333,1949-01-01,IGP_IGPDIG,1949-01-01T00:00:00-02:00,1,1,1949,12.2950553860539,inflacao,,(% a.a.),0.13096,6.68363636363636e-15
334,1950-01-01,IGP_IGPDIG,1950-01-01T00:00:00-02:00,1,1,1950,12.4088074304121,inflacao,,(% a.a.),0.13252,6.68363636363636e-15
335,1951-01-01,IGP_IGPDIG,1951-01-01T00:00:00-02:00,1,1,1951,12.3376546916764,inflacao,,(% a.a.),0.14154999999999998,6.68363636363636e-15
336,1952-01-01,IGP_IGPDIG,1952-01-01T00:00:00-02:00,1,1,1952,12.7167434525539,inflacao,,(% a.a.),0.14445,6.68363636363636e-15
337,1953-01-01,IGP_IGPDIG,1953-01-01T00:00:00-02:00,1,1,1953,20.5128194290105,inflacao,,(% a.a.),0.14635,1.98181818181818e-14
338,1954-01-01,IGP_IGPDIG,1954-01-01T00:00:00-02:00,1,1,1954,25.8649232582284,inflacao,,(% a.a.),0.14758,2.61818181818182e-14
339,1955-01-01,IGP_IGPDIG,1955-01-01T00:00:00-02:00,1,1,1955,12.1457353367368,inflacao,,(% a.a.),0.14816000000000001,2.34545454545455e-14
340,1956-01-01,IGP_IGPDIG,1956-01-01T00:00:00-02:00,1,1,1956,24.5487483031704,inflacao,,(% a.a.),0.15111,2.30909090909091e-14
341,1957-01-01,IGP_IGPDIG,1957-01-01T00:00:00-02:00,1,1,1957,6.95652208609876,inflacao,,(% a.a.),0.1557,3.22909090909091e-14
342,1958-01-01,IGP_IGPDIG,1958-01-01T00:00:00-02:00,1,1,1958,24.3902357132851,inflacao,,(% a.a.),0.15938,5.01090909090909e-14
343,1959-01-01,IGP_IGPDIG,1959-01-01T00:00:00-02:00,1,1,1959,39.433561881403,inflacao,,(% a.a.),0.16176,6.54545454545455e-14
344,1960-01-01,IGP_IGPDIG,1960-01-01T00:00:00-02:00,1,1,1960,30.4686784983007,inflacao,,(% a.a.),0.16441,6.90909090909091e-14
345,1961-01-01,IGP_IGPDIG,1961-01-01T00:00:00-02:00,1,1,1961,47.7845023146622,inflacao,,(% a.a.),0.16612,1.09090909090909e-13
346,1962-01-01,IGP_IGPDIG,1962-01-01T00:00:00-02:00,1,1,1962,51.6029153956294,inflacao,,(% a.a.),0.16806000000000001,1.67272727272727e-13
347,1963-01-01,IGP_IGPDIG,1963-01-01T00:00:00-02:00,1,1,1963,79.9238993104433,inflacao,,(% a.a.),0.17007000000000003,2.18181818181818e-13
348,1964-01-01,IGP_IGPDIG,1964-01-01T00:00:00-02:00,1,1,1964,92.1205727592544,inflacao,,(% a.a.),0.17254000000000003,6.63636363636364e-13
349,1965-01-01,IGP_IGPDIG,1965-01-01T00:00:00-02:00,1,1,1965,34.2416710899979,inflacao,,(% a.a.),0.17501999999999998,8e-13
350,1966-01-01,IGP_IGPDIG,1966-01-01T00:00:00-02:00,1,1,1966,39.1223681550226,inflacao,,(% a.a.),0.17944,8e-13
351,1967-01-01,IGP_IGPDIG,1967-01-01T00:00:00-02:00,1,1,1967,25.0110562730102,inflacao,,(% a.a.),0.18395,9.81818181818182e-13
352,1968-01-01,IGP_IGPDIG,1968-01-01T00:00:00-02:00,1,1,1968,25.4892708930262,inflacao,,(% a.a.),0.19115,1.38545454545455e-12
353,1969-01-01,IGP_IGPDIG,1969-01-01T00:00:00-02:00,1,1,1969,19.3089811166117,inflacao,,(% a.a.),0.19976,1.57454545454545e-12
354,1970-01-01,IGP_IGPDIG,1970-01-01T00:00:00-02:00,1,1,1970,19.2603168687289,inflacao,,(% a.a.),0.2091,1.78909090909091e-12
355,1971-01-01,IGP_IGPDIG,1971-01-01T00:00:00-02:00,1,1,1971,19.4691614383746,inflacao,,(% a.a.),0.21797999999999998,2.03636363636364e-12
356,1972-01-01,IGP_IGPDIG,1972-01-01T00:00:00-02:00,1,1,1972,15.7215720418002,inflacao,,(% a.a.),0.22542,2.24727272727273e-12
357,1973-01-01,IGP_IGPDIG,1973-01-01T00:00:00-02:00,1,1,1973,15.5439291135874,inflacao,,(% a.a.),0.23756,2.24727272727273e-12
358,1974-01-01,IGP_IGPDIG,1974-01-01T00:00:00-02:00,1,1,1974,34.5460479606786,inflacao,,(% a.a.),0.26228999999999997,2.69090909090909e-12
359,1975-01-01,IGP_IGPDIG,1975-01-01T00:00:00-02:00,1,1,1975,29.3518715408658,inflacao,,(% a.a.),0.28415,3.28e-12
360,1976-01-01,IGP_IGPDIG,1976-01-01T00:00:00-02:00,1,1,1976,46.2562736769602,inflacao,,(% a.a.),0.29974,4.46545454545455e-12
361,1977-01-01,IGP_IGPDIG,1977-01-01T00:00:00-02:00,1,1,1977,38.7798044391755,inflacao,,(% a.a.),0.31922999999999996,5.8e-12
362,1978-01-01,IGP_IGPDIG,1978-01-01T00:00:00-02:00,1,1,1978,40.8090456012868,inflacao,,(% a.a.),0.34145000000000003,7.55636363636364e-12
363,1979-01-01,IGP_IGPDIG,1979-01-01T00:00:00-02:00,1,1,1979,77.2460452367717,inflacao,,(% a.a.),0.37178,1.53927272727273e-11
364,1980-01-01,IGP_IGPDIG,1980-01-01T00:00:00-02:00,1,1,1980,110.239409893472,inflacao,,(% a.a.),0.41182,2.36981818181818e-11
365,1981-01-01,IGP_IGPDIG,1981-01-01T00:00:00-02:00,1,1,1981,95.1961092882981,inflacao,,(% a.a.),0.44871,4.624e-11
366,1982-01-01,IGP_IGPDIG,1982-01-01T00:00:00-02:00,1,1,1982,99.7207177756377,inflacao,,(% a.a.),0.47363,9.14218181818182e-11
367,1983-01-01,IGP_IGPDIG,1983-01-01T00:00:00-02:00,1,1,1983,210.99173235644,inflacao,,(% a.a.),0.49378,3.56e-10
368,1984-01-01,IGP_IGPDIG,1984-01-01T00:00:00-02:00,1,1,1984,223.811782846714,inflacao,,(% a.a.),0.51243,1.152e-09
369,1985-01-01,IGP_IGPDIG,1985-01-01T00:00:00-02:00,1,1,1985,235.106026637404,inflacao,,(% a.a.),0.53031,3.79636363636364e-09
370,1986-01-01,IGP_IGPDIG,1986-01-01T00:00:00-02:00,1,1,1986,65.0327956210456,inflacao,,(% a.a.),0.54184,5.40727272727273e-09
371,1987-01-01,IGP_IGPDIG,1987-01-01T00:00:00-02:00,1,1,1987,415.834796557845,inflacao,,(% a.a.),0.55855,2.61418181818182e-08
372,1988-01-01,IGP_IGPDIG,1988-01-01T00:00:00-02:00,1,1,1988,1037.55880473364,inflacao,,(% a.a.),0.58038,2.76905454545455e-07
373,1989-01-01,IGP_IGPDIG,1989-01-01T00:00:00-02:00,1,1,1989,1782.89485261769,inflacao,,(% a.a.),0.60572,4.10909090909091e-06
374,1990-01-01,IGP_IGPDIG,1990-01-01T00:00:00-02:00,1,1,1990,1476.70901328345,inflacao,,(% a.a.),0.63231,6.13054545454545e-05
375,1991-01-01,IGP_IGPDIG,1991-01-01T00:00:00-02:00,1,1,1991,480.226254041065,inflacao,,(% a.a.),0.65345,0.000388618181818182
376,1992-01-01,IGP_IGPDIG,1992-01-01T00:00:00-02:00,1,1,1992,1157.83654223969,inflacao,,(% a.a.),0.6708700000000001,0.00450436363636364
377,1993-01-01,IGP_IGPDIG,1993-01-01T00:00:00-02:00,1,1,1993,2708.16938929662,inflacao,,(% a.a.),0.68758,0.11858
378,1994-01-01,IGP_IGPDIG,1994-01-01T00:00:00-02:00,1,1,1994,1093.89353906977,inflacao,,(% a.a.),0.7019299999999999,0.844
379,1995-01-01,IGP_IGPDIG,1995-01-01T00:00:00-02:00,1,1,1995,14.7794083391568,inflacao,,(% a.a.),0.7167100000000001,0.9715
380,1996-01-01,IGP_IGPDIG,1996-01-01T00:00:00-02:00,1,1,1996,9.33702419898204,inflacao,,(% a.a.),0.7320399999999999,1.0386
381,1997-01-01,IGP_IGPDIG,1997-01-01T00:00:00-02:00,1,1,1997,7.48093756728463,inflacao,,(% a.a.),0.74478,1.1156
382,1998-01-01,IGP_IGPDIG,1998-01-01T00:00:00-02:00,1,1,1998,1.70345041964564,inflacao,,(% a.a.),0.7506999999999999,1.2079
383,1999-01-01,IGP_IGPDIG,1999-01-01T00:00:00-02:00,1,1,1999,19.9794880154315,inflacao,,(% a.a.),0.76164,1.7882
384,2000-01-01,IGP_IGPDIG,2000-01-01T00:00:00-02:00,1,1,2000,9.80656337214898,inflacao,,(% a.a.),0.7809,1.9546
385,2001-01-01,IGP_IGPDIG,2001-01-01T00:00:00-02:00,1,1,2001,10.3969686033923,inflacao,,(% a.a.),0.79656,2.3196
386,2002-01-01,IGP_IGPDIG,2002-01-01T00:00:00-02:00,1,1,2002,26.4106623329924,inflacao,,(% a.a.),0.80702,3.5325
387,2003-01-01,IGP_IGPDIG,2003-01-01T00:00:00-02:00,1,1,2003,7.67292716445258,inflacao,,(% a.a.),0.8239799999999999,2.8884
388,2004-01-01,IGP_IGPDIG,2004-01-01T00:00:00-02:00,1,1,2004,12.1357158051478,inflacao,,(% a.a.),0.84443,2.6536
389,2005-01-01,IGP_IGPDIG,2005-01-01T00:00:00-02:00,1,1,2005,1.22447855632692,inflacao,,(% a.a.),0.8687600000000001,2.3399
390,2006-01-01,IGP_IGPDIG,2006-01-01T00:00:00-02:00,1,1,2006,3.79312950564481,inflacao,,(% a.a.),0.89322,2.1372
391,2007-01-01,IGP_IGPDIG,2007-01-01T00:00:00-02:00,1,1,2007,7.89233045220512,inflacao,,(% a.a.),0.9161400000000001,1.7705
392,2008-01-01,IGP_IGPDIG,2008-01-01T00:00:00-02:00,1,1,2008,9.09618473082581,inflacao,,(% a.a.),0.94325,2.3362
393,2009-01-01,IGP_IGPDIG,2009-01-01T00:00:00-02:00,1,1,2009,-1.42954340215495,inflacao,,(% a.a.),0.94062,1.7404
394,2010-01-01,IGP_IGPDIG,2010-01-01T00:00:00-02:00,1,1,2010,11.3000022589965,inflacao,,(% a.a.),0.95747,1.6654
395,2011-01-01,IGP_IGPDIG,2011-01-01T00:00:00-02:00,1,1,2011,4.99721487415066,inflacao,,(% a.a.),0.9817,1.8751
396,2012-01-01,IGP_IGPDIG,2012-01-01T00:00:00-02:00,1,1,2012,8.09667816472144,inflacao,,(% a.a.),1.0,2.0429
397,2013-01-01,IGP_IGPDIG,2013-01-01T00:00:00-02:00,1,1,2013,5.51836640617704,inflacao,,(% a.a.),1.0135399999999999,2.342
398,2014-01-01,IGP_IGPDIG,2014-01-01T00:00:00-02:00,1,1,2014,3.78359344400589,inflacao,,(% a.a.),1.02887,2.6556
399,2015-01-01,IGP_IGPDIG,2015-01-01T00:00:00-02:00,1,1,2015,10.7010989768647,inflacao,,(% a.a.),1.03116,3.9042
400,2016-01-01,IGP_IGPDIG,2016-01-01T00:00:00-02:00,1,1,2016,7.18259119397897,inflacao,,(% a.a.),1.04148,3.2585
401,2017-01-01,IGP_IGPDIG,2017-01-01T00:00:00-02:00,1,1,2017,-0.418532887020584,inflacao,,(% a.a.),1.06054,3.3074
402,2018-01-01,IGP_IGPDIG,2018-01-01T00:00:00-02:00,1,1,2018,7.09935597207676,inflacao,,(% a.a.),1.08317,3.8742
403,2019-01-01,IGP_IGPDIG,2019-01-01T00:00:00-02:00,1,1,2019,7.69593631621659,inflacao,,(% a.a.),1.0993300000000001,4.0301
404,2020-01-01,IGP_IGPDIG,2020-01-01T00:00:00-03:00,1,1,2020,23.0832315965071,inflacao,,(% a.a.),1.11145,5.1961
405,2021-01-01,IGP_IGPDIG,2021-01-01T00:00:00-03:00,1,1,2021,17.7376193072177,inflacao,,(% a.a.),1.15621,5.5799
406,2022-01-01,IGP_IGPDIG,2022-01-01T00:00:00-03:00,1,1,2022,5.0286222460677,inflacao,,(% a.a.),1.22861,5.2171
407,1942-01-01,BM_ERCF,1942-01-01T00:00:00-02:00,1,1,1942,7.06181818181818e-15,cambio,,R$,0.0883,7.06181818181818e-15
408,1943-01-01,BM_ERCF,1943-01-01T00:00:00-02:00,1,1,1943,7.06181818181818e-15,cambio,,R$,0.09641999999999999,7.06181818181818e-15
409,1944-01-01,BM_ERCF,1944-01-01T00:00:00-02:00,1,1,1944,7e-15,cambio,,R$,0.10196,7e-15
410,1945-01-01,BM_ERCF,1945-01-01T00:00:00-02:00,1,1,1945,7e-15,cambio,,R$,0.10604,7e-15
411,1946-01-01,BM_ERCF,1946-01-01T00:00:00-02:00,1,1,1946,6.72727272727273e-15,cambio,,R$,0.11342,6.72727272727273e-15
412,1947-01-01,BM_ERCF,1947-01-01T00:00:00-02:00,1,1,1947,6.68363636363636e-15,cambio,,R$,0.12492,6.68363636363636e-15
413,1948-01-01,BM_ERCF,1948-01-01T00:00:00-02:00,1,1,1948,6.68363636363636e-15,cambio,,R$,0.13199,6.68363636363636e-15
414,1949-01-01,BM_ERCF,1949-01-01T00:00:00-02:00,1,1,1949,6.68363636363636e-15,cambio,,R$,0.13096,6.68363636363636e-15
415,1950-01-01,BM_ERCF,1950-01-01T00:00:00-02:00,1,1,1950,6.68363636363636e-15,cambio,,R$,0.13252,6.68363636363636e-15
416,1951-01-01,BM_ERCF,1951-01-01T00:00:00-02:00,1,1,1951,6.68363636363636e-15,cambio,,R$,0.14154999999999998,6.68363636363636e-15
417,1952-01-01,BM_ERCF,1952-01-01T00:00:00-02:00,1,1,1952,6.68363636363636e-15,cambio,,R$,0.14445,6.68363636363636e-15
418,1953-01-01,BM_ERCF,1953-01-01T00:00:00-02:00,1,1,1953,1.98181818181818e-14,cambio,,R$,0.14635,1.98181818181818e-14
419,1954-01-01,BM_ERCF,1954-01-01T00:00:00-02:00,1,1,1954,2.61818181818182e-14,cambio,,R$,0.14758,2.61818181818182e-14
420,1955-01-01,BM_ERCF,1955-01-01T00:00:00-02:00,1,1,1955,2.34545454545455e-14,cambio,,R$,0.14816000000000001,2.34545454545455e-14
421,1956-01-01,BM_ERCF,1956-01-01T00:00:00-02:00,1,1,1956,2.30909090909091e-14,cambio,,R$,0.15111,2.30909090909091e-14
422,1957-01-01,BM_ERCF,1957-01-01T00:00:00-02:00,1,1,1957,3.22909090909091e-14,cambio,,R$,0.1557,3.22909090909091e-14
423,1958-01-01,BM_ERCF,1958-01-01T00:00:00-02:00,1,1,1958,5.01090909090909e-14,cambio,,R$,0.15938,5.01090909090909e-14
424,1959-01-01,BM_ERCF,1959-01-01T00:00:00-02:00,1,1,1959,6.54545454545455e-14,cambio,,R$,0.16176,6.54545454545455e-14
425,1960-01-01,BM_ERCF,1960-01-01T00:00:00-02:00,1,1,1960,6.90909090909091e-14,cambio,,R$,0.16441,6.90909090909091e-14
426,1961-01-01,BM_ERCF,1961-01-01T00:00:00-02:00,1,1,1961,1.09090909090909e-13,cambio,,R$,0.16612,1.09090909090909e-13
427,1962-01-01,BM_ERCF,1962-01-01T00:00:00-02:00,1,1,1962,1.67272727272727e-13,cambio,,R$,0.16806000000000001,1.67272727272727e-13
428,1963-01-01,BM_ERCF,1963-01-01T00:00:00-02:00,1,1,1963,2.18181818181818e-13,cambio,,R$,0.17007000000000003,2.18181818181818e-13
429,1964-01-01,BM_ERCF,1964-01-01T00:00:00-02:00,1,1,1964,6.63636363636364e-13,cambio,,R$,0.17254000000000003,6.63636363636364e-13
430,1965-01-01,BM_ERCF,1965-01-01T00:00:00-02:00,1,1,1965,8e-13,cambio,,R$,0.17501999999999998,8e-13
431,1966-01-01,BM_ERCF,1966-01-01T00:00:00-02:00,1,1,1966,8e-13,cambio,,R$,0.17944,8e-13
432,1967-01-01,BM_ERCF,1967-01-01T00:00:00-02:00,1,1,1967,9.81818181818182e-13,cambio,,R$,0.18395,9.81818181818182e-13
433,1968-01-01,BM_ERCF,1968-01-01T00:00:00-02:00,1,1,1968,1.38545454545455e-12,cambio,,R$,0.19115,1.38545454545455e-12
434,1969-01-01,BM_ERCF,1969-01-01T00:00:00-02:00,1,1,1969,1.57454545454545e-12,cambio,,R$,0.19976,1.57454545454545e-12
435,1970-01-01,BM_ERCF,1970-01-01T00:00:00-02:00,1,1,1970,1.78909090909091e-12,cambio,,R$,0.2091,1.78909090909091e-12
436,1971-01-01,BM_ERCF,1971-01-01T00:00:00-02:00,1,1,1971,2.03636363636364e-12,cambio,,R$,0.21797999999999998,2.03636363636364e-12
437,1972-01-01,BM_ERCF,1972-01-01T00:00:00-02:00,1,1,1972,2.24727272727273e-12,cambio,,R$,0.22542,2.24727272727273e-12
438,1973-01-01,BM_ERCF,1973-01-01T00:00:00-02:00,1,1,1973,2.24727272727273e-12,cambio,,R$,0.23756,2.24727272727273e-12
439,1974-01-01,BM_ERCF,1974-01-01T00:00:00-02:00,1,1,1974,2.69090909090909e-12,cambio,,R$,0.26228999999999997,2.69090909090909e-12
440,1975-01-01,BM_ERCF,1975-01-01T00:00:00-02:00,1,1,1975,3.28e-12,cambio,,R$,0.28415,3.28e-12
441,1976-01-01,BM_ERCF,1976-01-01T00:00:00-02:00,1,1,1976,4.46545454545455e-12,cambio,,R$,0.29974,4.46545454545455e-12
442,1977-01-01,BM_ERCF,1977-01-01T00:00:00-02:00,1,1,1977,5.8e-12,cambio,,R$,0.31922999999999996,5.8e-12
443,1978-01-01,BM_ERCF,1978-01-01T00:00:00-02:00,1,1,1978,7.55636363636364e-12,cambio,,R$,0.34145000000000003,7.55636363636364e-12
444,1979-01-01,BM_ERCF,1979-01-01T00:00:00-02:00,1,1,1979,1.53927272727273e-11,cambio,,R$,0.37178,1.53927272727273e-11
445,1980-01-01,BM_ERCF,1980-01-01T00:00:00-02:00,1,1,1980,2.36981818181818e-11,cambio,,R$,0.41182,2.36981818181818e-11
446,1981-01-01,BM_ERCF,1981-01-01T00:00:00-02:00,1,1,1981,4.624e-11,cambio,,R$,0.44871,4.624e-11
447,1982-01-01,BM_ERCF,1982-01-01T00:00:00-02:00,1,1,1982,9.14218181818182e-11,cambio,,R$,0.47363,9.14218181818182e-11
448,1983-01-01,BM_ERCF,1983-01-01T00:00:00-02:00,1,1,1983,3.56e-10,cambio,,R$,0.49378,3.56e-10
449,1984-01-01,BM_ERCF,1984-01-01T00:00:00-02:00,1,1,1984,1.152e-09,cambio,,R$,0.51243,1.152e-09
450,1985-01-01,BM_ERCF,1985-01-01T00:00:00-02:00,1,1,1985,3.79636363636364e-09,cambio,,R$,0.53031,3.79636363636364e-09
451,1986-01-01,BM_ERCF,1986-01-01T00:00:00-02:00,1,1,1986,5.40727272727273e-09,cambio,,R$,0.54184,5.40727272727273e-09
452,1987-01-01,BM_ERCF,1987-01-01T00:00:00-02:00,1,1,1987,2.61418181818182e-08,cambio,,R$,0.55855,2.61418181818182e-08
453,1988-01-01,BM_ERCF,1988-01-01T00:00:00-02:00,1,1,1988,2.76905454545455e-07,cambio,,R$,0.58038,2.76905454545455e-07
454,1989-01-01,BM_ERCF,1989-01-01T00:00:00-02:00,1,1,1989,4.10909090909091e-06,cambio,,R$,0.60572,4.10909090909091e-06
455,1990-01-01,BM_ERCF,1990-01-01T00:00:00-02:00,1,1,1990,6.13054545454545e-05,cambio,,R$,0.63231,6.13054545454545e-05
456,1991-01-01,BM_ERCF,1991-01-01T00:00:00-02:00,1,1,1991,0.000388618181818182,cambio,,R$,0.65345,0.000388618181818182
457,1992-01-01,BM_ERCF,1992-01-01T00:00:00-02:00,1,1,1992,0.00450436363636364,cambio,,R$,0.6708700000000001,0.00450436363636364
458,1993-01-01,BM_ERCF,1993-01-01T00:00:00-02:00,1,1,1993,0.11858,cambio,,R$,0.68758,0.11858
459,1994-01-01,BM_ERCF,1994-01-01T00:00:00-02:00,1,1,1994,0.844,cambio,,R$,0.7019299999999999,0.844
460,1995-01-01,BM_ERCF,1995-01-01T00:00:00-02:00,1,1,1995,0.9715,cambio,,R$,0.7167100000000001,0.9715
461,1996-01-01,BM_ERCF,1996-01-01T00:00:00-02:00,1,1,1996,1.0386,cambio,,R$,0.7320399999999999,1.0386
462,1997-01-01,BM_ERCF,1997-01-01T00:00:00-02:00,1,1,1997,1.1156,cambio,,R$,0.74478,1.1156
463,1998-01-01,BM_ERCF,1998-01-01T00:00:00-02:00,1,1,1998,1.2079,cambio,,R$,0.7506999999999999,1.2079
464,1999-01-01,BM_ERCF,1999-01-01T00:00:00-02:00,1,1,1999,1.7882,cambio,,R$,0.76164,1.7882
465,2000-01-01,BM_ERCF,2000-01-01T00:00:00-02:00,1,1,2000,1.9546,cambio,,R$,0.7809,1.9546
466,2001-01-01,BM_ERCF,2001-01-01T00:00:00-02:00,1,1,2001,2.3196,cambio,,R$,0.79656,2.3196
467,2002-01-01,BM_ERCF,2002-01-01T00:00:00-02:00,1,1,2002,3.5325,cambio,,R$,0.80702,3.5325
468,2003-01-01,BM_ERCF,2003-01-01T00:00:00-02:00,1,1,2003,2.8884,cambio,,R$,0.8239799999999999,2.8884
469,2004-01-01,BM_ERCF,2004-01-01T00:00:00-02:00,1,1,2004,2.6536,cambio,,R$,0.84443,2.6536
470,2005-01-01,BM_ERCF,2005-01-01T00:00:00-02:00,1,1,2005,2.3399,cambio,,R$,0.8687600000000001,2.3399
471,2006-01-01,BM_ERCF,2006-01-01T00:00:00-02:00,1,1,2006,2.1372,cambio,,R$,0.89322,2.1372
472,2007-01-01,BM_ERCF,2007-01-01T00:00:00-02:00,1,1,2007,1.7705,cambio,,R$,0.9161400000000001,1.7705
473,2008-01-01,BM_ERCF,2008-01-01T00:00:00-02:00,1,1,2008,2.3362,cambio,,R$,0.94325,2.3362
474,2009-01-01,BM_ERCF,2009-01-01T00:00:00-02:00,1,1,2009,1.7404,cambio,,R$,0.94062,1.7404
475,2010-01-01,BM_ERCF,2010-01-01T00:00:00-02:00,1,1,2010,1.6654,cambio,,R$,0.95747,1.6654
476,2011-01-01,BM_ERCF,2011-01-01T00:00:00-02:00,1,1,2011,1.8751,cambio,,R$,0.9817,1.8751
477,2012-01-01,BM_ERCF,2012-01-01T00:00:00-02:00,1,1,2012,2.0429,cambio,,R$,1.0,2.0429
478,2013-01-01,BM_ERCF,2013-01-01T00:00:00-02:00,1,1,2013,2.342,cambio,,R$,1.0135399999999999,2.342
479,2014-01-01,BM_ERCF,2014-01-01T00:00:00-02:00,1,1,2014,2.6556,cambio,,R$,1.02887,2.6556
480,2015-01-01,BM_ERCF,2015-01-01T00:00:00-02:00,1,1,2015,3.9042,cambio,,R$,1.03116,3.9042
481,2016-01-01,BM_ERCF,2016-01-01T00:00:00-02:00,1,1,2016,3.2585,cambio,,R$,1.04148,3.2585
482,2017-01-01,BM_ERCF,2017-01-01T00:00:00-02:00,1,1,2017,3.3074,cambio,,R$,1.06054,3.3074
483,2018-01-01,BM_ERCF,2018-01-01T00:00:00-02:00,1,1,2018,3.8742,cambio,,R$,1.08317,3.8742
484,2019-01-01,BM_ERCF,2019-01-01T00:00:00-02:00,1,1,2019,4.0301,cambio,,R$,1.0993300000000001,4.0301
485,2020-01-01,BM_ERCF,2020-01-01T00:00:00-03:00,1,1,2020,5.1961,cambio,,R$,1.11145,5.1961
486,2021-01-01,BM_ERCF,2021-01-01T00:00:00-03:00,1,1,2021,5.5799,cambio,,R$,1.15621,5.5799
487,2022-01-01,BM_ERCF,2022-01-01T00:00:00-03:00,1,1,2022,5.2171,cambio,,R$,1.22861,5.2171
488,1889-01-01,BM_DEXR,1889-01-01T00:00:00-02:00,1,1,1889,151.2,divida_externa,milhões,US$,,
489,1890-01-01,BM_DEXR,1890-01-01T00:00:00-02:00,1,1,1890,150.2,divida_externa,milhões,US$,,
490,1891-01-01,BM_DEXR,1891-01-01T00:00:00-02:00,1,1,1891,148.6,divida_externa,milhões,US$,,
491,1892-01-01,BM_DEXR,1892-01-01T00:00:00-02:00,1,1,1892,146.7,divida_externa,milhões,US$,,
492,1893-01-01,BM_DEXR,1893-01-01T00:00:00-02:00,1,1,1893,162.7,divida_externa,milhões,US$,,
493,1894-01-01,BM_DEXR,1894-01-01T00:00:00-02:00,1,1,1894,160.0,divida_externa,milhões,US$,,
494,1895-01-01,BM_DEXR,1895-01-01T00:00:00-02:00,1,1,1895,193.5,divida_externa,milhões,US$,,
495,1896-01-01,BM_DEXR,1896-01-01T00:00:00-02:00,1,1,1896,195.4,divida_externa,milhões,US$,,
496,1897-01-01,BM_DEXR,1897-01-01T00:00:00-02:00,1,1,1897,196.6,divida_externa,milhões,US$,,
497,1898-01-01,BM_DEXR,1898-01-01T00:00:00-02:00,1,1,1898,195.9,divida_externa,milhões,US$,,
498,1899-01-01,BM_DEXR,1899-01-01T00:00:00-02:00,1,1,1899,204.2,divida_externa,milhões,US$,,
499,1900-01-01,BM_DEXR,1900-01-01T00:00:00-02:00,1,1,1900,214.7,divida_externa,milhões,US$,,
500,1901-01-01,BM_DEXR,1901-01-01T00:00:00-02:00,1,1,1901,291.6,divida_externa,milhões,US$,,
501,1902-01-01,BM_DEXR,1902-01-01T00:00:00-02:00,1,1,1902,290.5,divida_externa,milhões,US$,,
502,1903-01-01,BM_DEXR,1903-01-01T00:00:00-02:00,1,1,1903,331.8,divida_externa,milhões,US$,,
503,1904-01-01,BM_DEXR,1904-01-01T00:00:00-02:00,1,1,1904,339.5,divida_externa,milhões,US$,,
504,1905-01-01,BM_DEXR,1905-01-01T00:00:00-02:00,1,1,1905,379.2,divida_externa,milhões,US$,,
505,1906-01-01,BM_DEXR,1906-01-01T00:00:00-02:00,1,1,1906,426.0,divida_externa,milhões,US$,,
506,1907-01-01,BM_DEXR,1907-01-01T00:00:00-02:00,1,1,1907,443.5,divida_externa,milhões,US$,,
507,1908-01-01,BM_DEXR,1908-01-01T00:00:00-02:00,1,1,1908,542.4,divida_externa,milhões,US$,,
508,1909-01-01,BM_DEXR,1909-01-01T00:00:00-02:00,1,1,1909,552.5,divida_externa,milhões,US$,,
509,1910-01-01,BM_DEXR,1910-01-01T00:00:00-02:00,1,1,1910,624.6,divida_externa,milhões,US$,,
510,1911-01-01,BM_DEXR,1911-01-01T00:00:00-02:00,1,1,1911,643.2,divida_externa,milhões,US$,,
511,1912-01-01,BM_DEXR,1912-01-01T00:00:00-02:00,1,1,1912,640.5,divida_externa,milhões,US$,,
512,1913-01-01,BM_DEXR,1913-01-01T00:00:00-02:00,1,1,1913,702.1,divida_externa,milhões,US$,,
513,1914-01-01,BM_DEXR,1914-01-01T00:00:00-02:00,1,1,1914,786.3,divida_externa,milhões,US$,,
514,1915-01-01,BM_DEXR,1915-01-01T00:00:00-02:00,1,1,1915,770.0,divida_externa,milhões,US$,,
515,1916-01-01,BM_DEXR,1916-01-01T00:00:00-02:00,1,1,1916,770.6,divida_externa,milhões,US$,,
516,1917-01-01,BM_DEXR,1917-01-01T00:00:00-02:00,1,1,1917,755.3,divida_externa,milhões,US$,,
517,1918-01-01,BM_DEXR,1918-01-01T00:00:00-02:00,1,1,1918,732.3,divida_externa,milhões,US$,,
518,1919-01-01,BM_DEXR,1919-01-01T00:00:00-02:00,1,1,1919,675.1,divida_externa,milhões,US$,,
519,1920-01-01,BM_DEXR,1920-01-01T00:00:00-02:00,1,1,1920,550.4,divida_externa,milhões,US$,,
520,1921-01-01,BM_DEXR,1921-01-01T00:00:00-02:00,1,1,1921,651.4,divida_externa,milhões,US$,,
521,1922-01-01,BM_DEXR,1922-01-01T00:00:00-02:00,1,1,1922,820.7,divida_externa,milhões,US$,,
522,1923-01-01,BM_DEXR,1923-01-01T00:00:00-02:00,1,1,1923,839.1,divida_externa,milhões,US$,,
523,1924-01-01,BM_DEXR,1924-01-01T00:00:00-02:00,1,1,1924,802.5,divida_externa,milhões,US$,,
524,1925-01-01,BM_DEXR,1925-01-01T00:00:00-02:00,1,1,1925,883.6,divida_externa,milhões,US$,,
525,1926-01-01,BM_DEXR,1926-01-01T00:00:00-02:00,1,1,1926,1022.4,divida_externa,milhões,US$,,
526,1927-01-01,BM_DEXR,1927-01-01T00:00:00-02:00,1,1,1927,1138.4,divida_externa,milhões,US$,,
527,1928-01-01,BM_DEXR,1928-01-01T00:00:00-02:00,1,1,1928,1240.7,divida_externa,milhões,US$,,
528,1929-01-01,BM_DEXR,1929-01-01T00:00:00-02:00,1,1,1929,1225.4,divida_externa,milhões,US$,0.09295999999999999,
529,1930-01-01,BM_DEXR,1930-01-01T00:00:00-02:00,1,1,1930,1293.5,divida_externa,milhões,US$,0.08901999999999999,
530,1931-01-01,BM_DEXR,1931-01-01T00:00:00-02:00,1,1,1931,1233.6,divida_externa,milhões,US$,0.07949,
531,1932-01-01,BM_DEXR,1932-01-01T00:00:00-02:00,1,1,1932,940.6,divida_externa,milhões,US$,0.0701,
532,1933-01-01,BM_DEXR,1933-01-01T00:00:00-02:00,1,1,1933,1123.8,divida_externa,milhões,US$,0.06761,
533,1934-01-01,BM_DEXR,1934-01-01T00:00:00-02:00,1,1,1934,1330.9,divida_externa,milhões,US$,0.07067999999999999,
534,1935-01-01,BM_DEXR,1935-01-01T00:00:00-02:00,1,1,1935,1268.8,divida_externa,milhões,US$,0.07242,
535,1936-01-01,BM_DEXR,1936-01-01T00:00:00-02:00,1,1,1936,1255.9,divida_externa,milhões,US$,0.07307999999999999,
536,1937-01-01,BM_DEXR,1937-01-01T00:00:00-02:00,1,1,1937,1199.9,divida_externa,milhões,US$,0.07575,
537,1938-01-01,BM_DEXR,1938-01-01T00:00:00-02:00,1,1,1938,1186.8,divida_externa,milhões,US$,0.07402,
538,1939-01-01,BM_DEXR,1939-01-01T00:00:00-02:00,1,1,1939,1082.5,divida_externa,milhões,US$,0.07331,
539,1940-01-01,BM_DEXR,1940-01-01T00:00:00-02:00,1,1,1940,972.4,divida_externa,milhões,US$,0.07393,
540,1941-01-01,BM_DEXR,1941-01-01T00:00:00-02:00,1,1,1941,965.3,divida_externa,milhões,US$,0.07852,
541,1942-01-01,BM_DEXR,1942-01-01T00:00:00-02:00,1,1,1942,934.4,divida_externa,milhões,US$,0.0883,7.06181818181818e-15
542,1943-01-01,BM_DEXR,1943-01-01T00:00:00-02:00,1,1,1943,911.7,divida_externa,milhões,US$,0.09641999999999999,7.06181818181818e-15
543,1944-01-01,BM_DEXR,1944-01-01T00:00:00-02:00,1,1,1944,752.9,divida_externa,milhões,US$,0.10196,7e-15
544,1945-01-01,BM_DEXR,1945-01-01T00:00:00-02:00,1,1,1945,698.1,divida_externa,milhões,US$,0.10604,7e-15
545,1946-01-01,BM_DEXR,1946-01-01T00:00:00-02:00,1,1,1946,644.0,divida_externa,milhões,US$,0.11342,6.72727272727273e-15
546,1947-01-01,BM_DEXR,1947-01-01T00:00:00-02:00,1,1,1947,625.0,divida_externa,milhões,US$,0.12492,6.68363636363636e-15
547,1948-01-01,BM_DEXR,1948-01-01T00:00:00-02:00,1,1,1948,597.0,divida_externa,milhões,US$,0.13199,6.68363636363636e-15
548,1949-01-01,BM_DEXR,1949-01-01T00:00:00-02:00,1,1,1949,601.0,divida_externa,milhões,US$,0.13096,6.68363636363636e-15
549,1950-01-01,BM_DEXR,1950-01-01T00:00:00-02:00,1,1,1950,559.0,divida_externa,milhões,US$,0.13252,6.68363636363636e-15
550,1951-01-01,BM_DEXR,1951-01-01T00:00:00-02:00,1,1,1951,571.0,divida_externa,milhões,US$,0.14154999999999998,6.68363636363636e-15
551,1952-01-01,BM_DEXR,1952-01-01T00:00:00-02:00,1,1,1952,638.0,divida_externa,milhões,US$,0.14445,6.68363636363636e-15
552,1953-01-01,BM_DEXR,1953-01-01T00:00:00-02:00,1,1,1953,1159.0,divida_externa,milhões,US$,0.14635,1.98181818181818e-14
553,1954-01-01,BM_DEXR,1954-01-01T00:00:00-02:00,1,1,1954,1196.0,divida_externa,milhões,US$,0.14758,2.61818181818182e-14
554,1955-01-01,BM_DEXR,1955-01-01T00:00:00-02:00,1,1,1955,1395.0,divida_externa,milhões,US$,0.14816000000000001,2.34545454545455e-14
555,1956-01-01,BM_DEXR,1956-01-01T00:00:00-02:00,1,1,1956,2568.0,divida_externa,milhões,US$,0.15111,2.30909090909091e-14
556,1957-01-01,BM_DEXR,1957-01-01T00:00:00-02:00,1,1,1957,2373.0,divida_externa,milhões,US$,0.1557,3.22909090909091e-14
557,1958-01-01,BM_DEXR,1958-01-01T00:00:00-02:00,1,1,1958,2734.0,divida_externa,milhões,US$,0.15938,5.01090909090909e-14
558,1959-01-01,BM_DEXR,1959-01-01T00:00:00-02:00,1,1,1959,2971.0,divida_externa,milhões,US$,0.16176,6.54545454545455e-14
559,1960-01-01,BM_DEXR,1960-01-01T00:00:00-02:00,1,1,1960,3462.0,divida_externa,milhões,US$,0.16441,6.90909090909091e-14
560,1961-01-01,BM_DEXR,1961-01-01T00:00:00-02:00,1,1,1961,3144.0,divida_externa,milhões,US$,0.16612,1.09090909090909e-13
561,1962-01-01,BM_DEXR,1962-01-01T00:00:00-02:00,1,1,1962,3367.0,divida_externa,milhões,US$,0.16806000000000001,1.67272727272727e-13
562,1963-01-01,BM_DEXR,1963-01-01T00:00:00-02:00,1,1,1963,3298.0,divida_externa,milhões,US$,0.17007000000000003,2.18181818181818e-13
563,1964-01-01,BM_DEXR,1964-01-01T00:00:00-02:00,1,1,1964,3155.0,divida_externa,milhões,US$,0.17254000000000003,6.63636363636364e-13
564,1965-01-01,BM_DEXR,1965-01-01T00:00:00-02:00,1,1,1965,3644.0,divida_externa,milhões,US$,0.17501999999999998,8e-13
565,1966-01-01,BM_DEXR,1966-01-01T00:00:00-02:00,1,1,1966,3666.0,divida_externa,milhões,US$,0.17944,8e-13
566,1967-01-01,BM_DEXR,1967-01-01T00:00:00-02:00,1,1,1967,3281.0,divida_externa,milhões,US$,0.18395,9.81818181818182e-13
567,1968-01-01,BM_DEXR,1968-01-01T00:00:00-02:00,1,1,1968,3780.0,divida_externa,milhões,US$,0.19115,1.38545454545455e-12
568,1969-01-01,BM_DEXR,1969-01-01T00:00:00-02:00,1,1,1969,4403.0,divida_externa,milhões,US$,0.19976,1.57454545454545e-12
569,1970-01-01,BM_DEXR,1970-01-01T00:00:00-02:00,1,1,1970,5295.0,divida_externa,milhões,US$,0.2091,1.78909090909091e-12
570,1971-01-01,BM_DEXR,1971-01-01T00:00:00-02:00,1,1,1971,6622.0,divida_externa,milhões,US$,0.21797999999999998,2.03636363636364e-12
571,1972-01-01,BM_DEXR,1972-01-01T00:00:00-02:00,1,1,1972,9521.0,divida_externa,milhões,US$,0.22542,2.24727272727273e-12
572,1973-01-01,BM_DEXR,1973-01-01T00:00:00-02:00,1,1,1973,12571.0,divida_externa,milhões,US$,0.23756,2.24727272727273e-12
573,1974-01-01,BM_DEXR,1974-01-01T00:00:00-02:00,1,1,1974,17166.0,divida_externa,milhões,US$,0.26228999999999997,2.69090909090909e-12
574,1975-01-01,BM_DEXR,1975-01-01T00:00:00-02:00,1,1,1975,21171.0,divida_externa,milhões,US$,0.28415,3.28e-12
575,1976-01-01,BM_DEXR,1976-01-01T00:00:00-02:00,1,1,1976,25985.0,divida_externa,milhões,US$,0.29974,4.46545454545455e-12
576,1977-01-01,BM_DEXR,1977-01-01T00:00:00-02:00,1,1,1977,32037.0,divida_externa,milhões,US$,0.31922999999999996,5.8e-12
577,1978-01-01,BM_DEXR,1978-01-01T00:00:00-02:00,1,1,1978,43511.0,divida_externa,milhões,US$,0.34145000000000003,7.55636363636364e-12
578,1979-01-01,BM_DEXR,1979-01-01T00:00:00-02:00,1,1,1979,49904.0,divida_externa,milhões,US$,0.37178,1.53927272727273e-11
579,1980-01-01,BM_DEXR,1980-01-01T00:00:00-02:00,1,1,1980,53847.0,divida_externa,milhões,US$,0.41182,2.36981818181818e-11
580,1981-01-01,BM_DEXR,1981-01-01T00:00:00-02:00,1,1,1981,61411.0,divida_externa,milhões,US$,0.44871,4.624e-11
581,1982-01-01,BM_DEXR,1982-01-01T00:00:00-02:00,1,1,1982,70197.0,divida_externa,milhões,US$,0.47363,9.14218181818182e-11
582,1983-01-01,BM_DEXR,1983-01-01T00:00:00-02:00,1,1,1983,81319.0,divida_externa,milhões,US$,0.49378,3.56e-10
583,1984-01-01,BM_DEXR,1984-01-01T00:00:00-02:00,1,1,1984,91091.0,divida_externa,milhões,US$,0.51243,1.152e-09
584,1985-01-01,BM_DEXR,1985-01-01T00:00:00-02:00,1,1,1985,95857.0,divida_externa,milhões,US$,0.53031,3.79636363636364e-09
585,1986-01-01,BM_DEXR,1986-01-01T00:00:00-02:00,1,1,1986,101759.0,divida_externa,milhões,US$,0.54184,5.40727272727273e-09
586,1987-01-01,BM_DEXR,1987-01-01T00:00:00-02:00,1,1,1987,107514.0,divida_externa,milhões,US$,0.55855,2.61418181818182e-08
587,1988-01-01,BM_DEXR,1988-01-01T00:00:00-02:00,1,1,1988,102555.0,divida_externa,milhões,US$,0.58038,2.76905454545455e-07
588,1989-01-01,BM_DEXR,1989-01-01T00:00:00-02:00,1,1,1989,99285.0,divida_externa,milhões,US$,0.60572,4.10909090909091e-06
589,1990-01-01,BM_DEXR,1990-01-01T00:00:00-02:00,1,1,1990,96546.0,divida_externa,milhões,US$,0.63231,6.13054545454545e-05
590,1991-01-01,BM_DEXR,1991-01-01T00:00:00-02:00,1,1,1991,92996.0,divida_externa,milhões,US$,0.65345,0.000388618181818182
591,1992-01-01,BM_DEXR,1992-01-01T00:00:00-02:00,1,1,1992,110835.0,divida_externa,milhões,US$,0.6708700000000001,0.00450436363636364
592,1993-01-01,BM_DEXR,1993-01-01T00:00:00-02:00,1,1,1993,114270.0,divida_externa,milhões,US$,0.68758,0.11858
593,1994-01-01,BM_DEXR,1994-01-01T00:00:00-02:00,1,1,1994,119668.0,divida_externa,milhões,US$,0.7019299999999999,0.844
594,1995-01-01,BM_DEXR,1995-01-01T00:00:00-02:00,1,1,1995,129313.0,divida_externa,milhões,US$,0.7167100000000001,0.9715
595,1996-01-01,BM_DEXR,1996-01-01T00:00:00-02:00,1,1,1996,144092.0,divida_externa,milhões,US$,0.7320399999999999,1.0386
596,1997-01-01,BM_DEXR,1997-01-01T00:00:00-02:00,1,1,1997,167760.0,divida_externa,milhões,US$,0.74478,1.1156
597,1998-01-01,BM_DEXR,1998-01-01T00:00:00-02:00,1,1,1998,220350.0,divida_externa,milhões,US$,0.7506999999999999,1.2079
598,1999-01-01,BM_DEXR,1999-01-01T00:00:00-02:00,1,1,1999,203338.0,divida_externa,milhões,US$,0.76164,1.7882
599,2000-01-01,BM_DEXR,2000-01-01T00:00:00-02:00,1,1,2000,196179.0,divida_externa,milhões,US$,0.7809,1.9546
600,2001-01-01,BM_DEXR,2001-01-01T00:00:00-02:00,1,1,2001,192720.0,divida_externa,milhões,US$,0.79656,2.3196
601,2002-01-01,BM_DEXR,2002-01-01T00:00:00-02:00,1,1,2002,195587.0,divida_externa,milhões,US$,0.80702,3.5325
602,2003-01-01,BM_DEXR,2003-01-01T00:00:00-02:00,1,1,2003,200107.34185781,divida_externa,milhões,US$,0.8239799999999999,2.8884
603,2004-01-01,BM_DEXR,2004-01-01T00:00:00-02:00,1,1,2004,185382.0,divida_externa,milhões,US$,0.84443,2.6536
604,2005-01-01,BM_DEXR,2005-01-01T00:00:00-02:00,1,1,2005,153749.0,divida_externa,milhões,US$,0.8687600000000001,2.3399
605,2006-01-01,BM_DEXR,2006-01-01T00:00:00-02:00,1,1,2006,156062.0,divida_externa,milhões,US$,0.89322,2.1372
606,2007-01-01,BM_DEXR,2007-01-01T00:00:00-02:00,1,1,2007,165606.0,divida_externa,milhões,US$,0.9161400000000001,1.7705
607,2008-01-01,BM_DEXR,2008-01-01T00:00:00-02:00,1,1,2008,170120.0,divida_externa,milhões,US$,0.94325,2.3362
608,1947-01-01,SCN10_VAINDN10,1947-01-01T00:00:00-02:00,1,1,1947,1.53818181818182e-11,pib_industria,milhões,R$,0.12492,6.68363636363636e-15
609,1948-01-01,SCN10_VAINDN10,1948-01-01T00:00:00-02:00,1,1,1948,1.70545454545455e-11,pib_industria,milhões,R$,0.13199,6.68363636363636e-15
610,1949-01-01,SCN10_VAINDN10,1949-01-01T00:00:00-02:00,1,1,1949,2.02181818181818e-11,pib_industria,milhões,R$,0.13096,6.68363636363636e-15
611,1950-01-01,SCN10_VAINDN10,1950-01-01T00:00:00-02:00,1,1,1950,2.32e-11,pib_industria,milhões,R$,0.13252,6.68363636363636e-15
612,1951-01-01,SCN10_VAINDN10,1951-01-01T00:00:00-02:00,1,1,1951,2.95636363636364e-11,pib_industria,milhões,R$,0.14154999999999998,6.68363636363636e-15
613,1952-01-01,SCN10_VAINDN10,1952-01-01T00:00:00-02:00,1,1,1952,3.36e-11,pib_industria,milhões,R$,0.14445,6.68363636363636e-15
614,1953-01-01,SCN10_VAINDN10,1953-01-01T00:00:00-02:00,1,1,1953,4.22181818181817e-11,pib_industria,milhões,R$,0.14635,1.98181818181818e-14
615,1954-01-01,SCN10_VAINDN10,1954-01-01T00:00:00-02:00,1,1,1954,5.80727272727272e-11,pib_industria,milhões,R$,0.14758,2.61818181818182e-14
616,1955-01-01,SCN10_VAINDN10,1955-01-01T00:00:00-02:00,1,1,1955,7.10909090909092e-11,pib_industria,milhões,R$,0.14816000000000001,2.34545454545455e-14
617,1956-01-01,SCN10_VAINDN10,1956-01-01T00:00:00-02:00,1,1,1956,9.46545454545455e-11,pib_industria,milhões,R$,0.15111,2.30909090909091e-14
618,1957-01-01,SCN10_VAINDN10,1957-01-01T00:00:00-02:00,1,1,1957,1.17272727272727e-10,pib_industria,milhões,R$,0.1557,3.22909090909091e-14
619,1958-01-01,SCN10_VAINDN10,1958-01-01T00:00:00-02:00,1,1,1958,1.60072727272727e-10,pib_industria,milhões,R$,0.15938,5.01090909090909e-14
620,1959-01-01,SCN10_VAINDN10,1959-01-01T00:00:00-02:00,1,1,1959,2.52327272727273e-10,pib_industria,milhões,R$,0.16176,6.54545454545455e-14
621,1960-01-01,SCN10_VAINDN10,1960-01-01T00:00:00-02:00,1,1,1960,3.39054545454545e-10,pib_industria,milhões,R$,0.16441,6.90909090909091e-14
622,1961-01-01,SCN10_VAINDN10,1961-01-01T00:00:00-02:00,1,1,1961,5.09854545454545e-10,pib_industria,milhões,R$,0.16612,1.09090909090909e-13
623,1962-01-01,SCN10_VAINDN10,1962-01-01T00:00:00-02:00,1,1,1962,8.19054545454547e-10,pib_industria,milhões,R$,0.16806000000000001,1.67272727272727e-13
624,1963-01-01,SCN10_VAINDN10,1963-01-01T00:00:00-02:00,1,1,1963,1.49854545454545e-09,pib_industria,milhões,R$,0.17007000000000003,2.18181818181818e-13
625,1964-01-01,SCN10_VAINDN10,1964-01-01T00:00:00-02:00,1,1,1964,2.86381818181818e-09,pib_industria,milhões,R$,0.17254000000000003,6.63636363636364e-13
626,1965-01-01,SCN10_VAINDN10,1965-01-01T00:00:00-02:00,1,1,1965,4.52483636363636e-09,pib_industria,milhões,R$,0.17501999999999998,8e-13
627,1966-01-01,SCN10_VAINDN10,1966-01-01T00:00:00-02:00,1,1,1966,6.6817090909091e-09,pib_industria,milhões,R$,0.17944,8e-13
628,1967-01-01,SCN10_VAINDN10,1967-01-01T00:00:00-02:00,1,1,1967,8.70290909090909e-09,pib_industria,milhões,R$,0.18395,9.81818181818182e-13
629,1968-01-01,SCN10_VAINDN10,1968-01-01T00:00:00-02:00,1,1,1968,1.28261090909091e-08,pib_industria,milhões,R$,0.19115,1.38545454545455e-12
630,1969-01-01,SCN10_VAINDN10,1969-01-01T00:00:00-02:00,1,1,1969,1.69944727272727e-08,pib_industria,milhões,R$,0.19976,1.57454545454545e-12
631,1970-01-01,SCN10_VAINDN10,1970-01-01T00:00:00-02:00,1,1,1970,2.27412013905681e-08,pib_industria,milhões,R$,0.2091,1.78909090909091e-12
632,1971-01-01,SCN10_VAINDN10,1971-01-01T00:00:00-02:00,1,1,1971,3.10593146971948e-08,pib_industria,milhões,R$,0.21797999999999998,2.03636363636364e-12
633,1972-01-01,SCN10_VAINDN10,1972-01-01T00:00:00-02:00,1,1,1972,4.23973807917816e-08,pib_industria,milhões,R$,0.22542,2.24727272727273e-12
634,1973-01-01,SCN10_VAINDN10,1973-01-01T00:00:00-02:00,1,1,1973,6.74386367909136e-08,pib_industria,milhões,R$,0.23756,2.24727272727273e-12
635,1974-01-01,SCN10_VAINDN10,1974-01-01T00:00:00-02:00,1,1,1974,1.02292055942113e-07,pib_industria,milhões,R$,0.26228999999999997,2.69090909090909e-12
636,1975-01-01,SCN10_VAINDN10,1975-01-01T00:00:00-02:00,1,1,1975,1.4664202621183e-07,pib_industria,milhões,R$,0.28415,3.28e-12
637,1976-01-01,SCN10_VAINDN10,1976-01-01T00:00:00-02:00,1,1,1976,2.2513348356288e-07,pib_industria,milhões,R$,0.29974,4.46545454545455e-12
638,1977-01-01,SCN10_VAINDN10,1977-01-01T00:00:00-02:00,1,1,1977,3.33805048791381e-07,pib_industria,milhões,R$,0.31922999999999996,5.8e-12
639,1978-01-01,SCN10_VAINDN10,1978-01-01T00:00:00-02:00,1,1,1978,5.01325325742451e-07,pib_industria,milhões,R$,0.34145000000000003,7.55636363636364e-12
640,1979-01-01,SCN10_VAINDN10,1979-01-01T00:00:00-02:00,1,1,1979,8.47245822913721e-07,pib_industria,milhões,R$,0.37178,1.53927272727273e-11
641,1980-01-01,SCN10_VAINDN10,1980-01-01T00:00:00-02:00,1,1,1980,1.81360036363636e-06,pib_industria,milhões,R$,0.41182,2.36981818181818e-11
642,1981-01-01,SCN10_VAINDN10,1981-01-01T00:00:00-02:00,1,1,1981,3.46516109090909e-06,pib_industria,milhões,R$,0.44871,4.624e-11
643,1982-01-01,SCN10_VAINDN10,1982-01-01T00:00:00-02:00,1,1,1982,7.253156e-06,pib_industria,milhões,R$,0.47363,9.14218181818182e-11
644,1983-01-01,SCN10_VAINDN10,1983-01-01T00:00:00-02:00,1,1,1983,1.57173970909091e-05,pib_industria,milhões,R$,0.49378,3.56e-10
645,1984-01-01,SCN10_VAINDN10,1984-01-01T00:00:00-02:00,1,1,1984,5.27187869090909e-05,pib_industria,milhões,R$,0.51243,1.152e-09
646,1985-01-01,SCN10_VAINDN10,1985-01-01T00:00:00-02:00,1,1,1985,0.000206426014181818,pib_industria,milhões,R$,0.53031,3.79636363636364e-09
647,1986-01-01,SCN10_VAINDN10,1986-01-01T00:00:00-02:00,1,1,1986,0.000532021465454544,pib_industria,milhões,R$,0.54184,5.40727272727273e-09
648,1987-01-01,SCN10_VAINDN10,1987-01-01T00:00:00-02:00,1,1,1987,0.00171916878072727,pib_industria,milhões,R$,0.55855,2.61418181818182e-08
649,1988-01-01,SCN10_VAINDN10,1988-01-01T00:00:00-02:00,1,1,1988,0.0123199590698182,pib_industria,milhões,R$,0.58038,2.76905454545455e-07
650,1989-01-01,SCN10_VAINDN10,1989-01-01T00:00:00-02:00,1,1,1989,0.178362905027636,pib_industria,milhões,R$,0.60572,4.10909090909091e-06
651,1990-01-01,SCN10_VAINDN10,1990-01-01T00:00:00-02:00,1,1,1990,3.8425014545454546,pib_industria,milhões,R$,0.63231,6.13054545454545e-05
652,1991-01-01,SCN10_VAINDN10,1991-01-01T00:00:00-02:00,1,1,1991,19.15120145454545,pib_industria,milhões,R$,0.65345,0.000388618181818182
653,1992-01-01,SCN10_VAINDN10,1992-01-01T00:00:00-02:00,1,1,1992,218.77375563636363,pib_industria,milhões,R$,0.6708700000000001,0.00450436363636364
654,1993-01-01,SCN10_VAINDN10,1993-01-01T00:00:00-02:00,1,1,1993,5258.099636363636,pib_industria,milhões,R$,0.68758,0.11858
655,1994-01-01,SCN10_VAINDN10,1994-01-01T00:00:00-02:00,1,1,1994,123691.50899999998,pib_industria,milhões,R$,0.7019299999999999,0.844
656,1995-01-01,SCN10_VAINDN10,1995-01-01T00:00:00-02:00,1,1,1995,165071.135265865,pib_industria,milhões,R$,0.7167100000000001,0.9715
657,1996-01-01,SCN10_VAINDN10,1996-01-01T00:00:00-02:00,1,1,1996,190955.16920914,pib_industria,milhões,R$,0.7320399999999999,1.0386
658,1997-01-01,SCN10_VAINDN10,1997-01-01T00:00:00-02:00,1,1,1997,215116.438360556,pib_industria,milhões,R$,0.74478,1.1156
659,1998-01-01,SCN10_VAINDN10,1998-01-01T00:00:00-02:00,1,1,1998,221707.920806277,pib_industria,milhões,R$,0.7506999999999999,1.2079
660,1999-01-01,SCN10_VAINDN10,1999-01-01T00:00:00-02:00,1,1,1999,236541.252110631,pib_industria,milhões,R$,0.76164,1.7882
661,2000-01-01,SCN10_VAINDN10,2000-01-01T00:00:00-02:00,1,1,2000,275870.539776203,pib_industria,milhões,R$,0.7809,1.9546
662,2001-01-01,SCN10_VAINDN10,2001-01-01T00:00:00-02:00,1,1,2001,297880.826404498,pib_industria,milhões,R$,0.79656,2.3196
663,2002-01-01,SCN10_VAINDN10,2002-01-01T00:00:00-02:00,1,1,2002,334907.573606304,pib_industria,milhões,R$,0.80702,3.5325
664,2003-01-01,SCN10_VAINDN10,2003-01-01T00:00:00-02:00,1,1,2003,396568.539719797,pib_industria,milhões,R$,0.8239799999999999,2.8884
665,2004-01-01,SCN10_VAINDN10,2004-01-01T00:00:00-02:00,1,1,2004,475863.212301526,pib_industria,milhões,R$,0.84443,2.6536
666,2005-01-01,SCN10_VAINDN10,2005-01-01T00:00:00-02:00,1,1,2005,524686.238180069,pib_industria,milhões,R$,0.8687600000000001,2.3399
667,2006-01-01,SCN10_VAINDN10,2006-01-01T00:00:00-02:00,1,1,2006,567281.41176358,pib_industria,milhões,R$,0.89322,2.1372
668,2007-01-01,SCN10_VAINDN10,2007-01-01T00:00:00-02:00,1,1,2007,629071.152494767,pib_industria,milhões,R$,0.9161400000000001,1.7705
669,2008-01-01,SCN10_VAINDN10,2008-01-01T00:00:00-02:00,1,1,2008,717907.178263259,pib_industria,milhões,R$,0.94325,2.3362
670,2009-01-01,SCN10_VAINDN10,2009-01-01T00:00:00-02:00,1,1,2009,729222.102739716,pib_industria,milhões,R$,0.94062,1.7404
671,2010-01-01,SCN10_VAINDN10,2010-01-01T00:00:00-02:00,1,1,2010,904158.0,pib_industria,milhões,R$,0.95747,1.6654
672,2011-01-01,SCN10_VAINDN10,2011-01-01T00:00:00-02:00,1,1,2011,1011034.0,pib_industria,milhões,R$,0.9817,1.8751
673,2012-01-01,SCN10_VAINDN10,2012-01-01T00:00:00-02:00,1,1,2012,1065682.0,pib_industria,milhões,R$,1.0,2.0429
674,2013-01-01,SCN10_VAINDN10,2013-01-01T00:00:00-02:00,1,1,2013,1131626.0,pib_industria,milhões,R$,1.0135399999999999,2.342
675,2014-01-01,SCN10_VAINDN10,2014-01-01T00:00:00-02:00,1,1,2014,1183094.0,pib_industria,milhões,R$,1.02887,2.6556
676,2015-01-01,SCN10_VAINDN10,2015-01-01T00:00:00-02:00,1,1,2015,1160787.0,pib_industria,milhões,R$,1.03116,3.9042
677,2016-01-01,SCN10_VAINDN10,2016-01-01T00:00:00-02:00,1,1,2016,1150720.0,pib_industria,milhões,R$,1.04148,3.2585
678,2017-01-01,SCN10_VAINDN10,2017-01-01T00:00:00-02:00,1,1,2017,1197800.0,pib_industria,milhões,R$,1.06054,3.3074
679,2018-01-01,SCN10_VAINDN10,2018-01-01T00:00:00-02:00,1,1,2018,1313210.0,pib_industria,milhões,R$,1.08317,3.8742
680,2019-01-01,SCN10_VAINDN10,2019-01-01T00:00:00-02:00,1,1,2019,1385804.0,pib_industria,milhões,R$,1.0993300000000001,4.0301
681,2020-01-01,SCN10_VAINDN10,2020-01-01T00:00:00-03:00,1,1,2020,1484337.0,pib_industria,milhões,R$,1.11145,5.1961
682,2021-01-01,SCN10_VAINDN10,2021-01-01T00:00:00-03:00,1,1,2021,1793111.30690525,pib_industria,milhões,R$,1.15621,5.5799
683,2022-01-01,SCN10_VAINDN10,2022-01-01T00:00:00-03:00,1,1,2022,2052234.80291655,pib_industria,milhões,R$,1.22861,5.2171
684,1900-01-01,SCN10_PIBN10,1900-01-01T00:00:00-02:00,1,1,1900,1.40705909321707e-12,pib,milhões,R$,,
685,1901-01-01,SCN10_PIBN10,1901-01-01T00:00:00-02:00,1,1,1901,1.32336299439483e-12,pib,milhões,R$,,
686,1902-01-01,SCN10_PIBN10,1902-01-01T00:00:00-02:00,1,1,1902,1.2156645567239e-12,pib,milhões,R$,,
687,1903-01-01,SCN10_PIBN10,1903-01-01T00:00:00-02:00,1,1,1903,1.26310180324282e-12,pib,milhões,R$,,
688,1904-01-01,SCN10_PIBN10,1904-01-01T00:00:00-02:00,1,1,1904,1.35769258069141e-12,pib,milhões,R$,,
689,1905-01-01,SCN10_PIBN10,1905-01-01T00:00:00-02:00,1,1,1905,1.25667091655365e-12,pib,milhões,R$,,
690,1906-01-01,SCN10_PIBN10,1906-01-01T00:00:00-02:00,1,1,1906,1.72620130235328e-12,pib,milhões,R$,,
691,1907-01-01,SCN10_PIBN10,1907-01-01T00:00:00-02:00,1,1,1907,1.65027901067588e-12,pib,milhões,R$,,
692,1908-01-01,SCN10_PIBN10,1908-01-01T00:00:00-02:00,1,1,1908,1.63408830771728e-12,pib,milhões,R$,,
693,1909-01-01,SCN10_PIBN10,1909-01-01T00:00:00-02:00,1,1,1909,1.77134834935002e-12,pib,milhões,R$,,
694,1910-01-01,SCN10_PIBN10,1910-01-01T00:00:00-02:00,1,1,1910,1.89642025298511e-12,pib,milhões,R$,,
695,1911-01-01,SCN10_PIBN10,1911-01-01T00:00:00-02:00,1,1,1911,2.05121973420172e-12,pib,milhões,R$,,
696,1912-01-01,SCN10_PIBN10,1912-01-01T00:00:00-02:00,1,1,1912,2.35491031948926e-12,pib,milhões,R$,,
697,1913-01-01,SCN10_PIBN10,1913-01-01T00:00:00-02:00,1,1,1913,2.15402549653641e-12,pib,milhões,R$,,
698,1914-01-01,SCN10_PIBN10,1914-01-01T00:00:00-02:00,1,1,1914,1.84518618259336e-12,pib,milhões,R$,,
699,1915-01-01,SCN10_PIBN10,1915-01-01T00:00:00-02:00,1,1,1915,2.09642725990489e-12,pib,milhões,R$,,
700,1916-01-01,SCN10_PIBN10,1916-01-01T00:00:00-02:00,1,1,1916,2.55790527713699e-12,pib,milhões,R$,,
701,1917-01-01,SCN10_PIBN10,1917-01-01T00:00:00-02:00,1,1,1917,3.04590346721438e-12,pib,milhões,R$,,
702,1918-01-01,SCN10_PIBN10,1918-01-01T00:00:00-02:00,1,1,1918,3.23306397411171e-12,pib,milhões,R$,,
703,1919-01-01,SCN10_PIBN10,1919-01-01T00:00:00-02:00,1,1,1919,3.79353263015015e-12,pib,milhões,R$,,
704,1920-01-01,SCN10_PIBN10,1920-01-01T00:00:00-02:00,1,1,1920,5.07909421058301e-12,pib,milhões,R$,,
705,1921-01-01,SCN10_PIBN10,1921-01-01T00:00:00-02:00,1,1,1921,4.38319525290845e-12,pib,milhões,R$,,
706,1922-01-01,SCN10_PIBN10,1922-01-01T00:00:00-02:00,1,1,1922,5.15603681329912e-12,pib,milhões,R$,,
707,1923-01-01,SCN10_PIBN10,1923-01-01T00:00:00-02:00,1,1,1923,7.28765016999964e-12,pib,milhões,R$,,
708,1924-01-01,SCN10_PIBN10,1924-01-01T00:00:00-02:00,1,1,1924,8.20321972438475e-12,pib,milhões,R$,,
709,1925-01-01,SCN10_PIBN10,1925-01-01T00:00:00-02:00,1,1,1925,9.71166302081087e-12,pib,milhões,R$,,
710,1926-01-01,SCN10_PIBN10,1926-01-01T00:00:00-02:00,1,1,1926,8.37125013832596e-12,pib,milhões,R$,,
711,1927-01-01,SCN10_PIBN10,1927-01-01T00:00:00-02:00,1,1,1927,9.06790931916658e-12,pib,milhões,R$,,
712,1928-01-01,SCN10_PIBN10,1928-01-01T00:00:00-02:00,1,1,1928,1.12781875209713e-11,pib,milhões,R$,,
713,1929-01-01,SCN10_PIBN10,1929-01-01T00:00:00-02:00,1,1,1929,1.09902523096815e-11,pib,milhões,R$,0.09295999999999999,
714,1930-01-01,SCN10_PIBN10,1930-01-01T00:00:00-02:00,1,1,1930,9.42951399662524e-12,pib,milhões,R$,0.08901999999999999,
715,1931-01-01,SCN10_PIBN10,1931-01-01T00:00:00-02:00,1,1,1931,8.12744527951669e-12,pib,milhões,R$,0.07949,
716,1932-01-01,SCN10_PIBN10,1932-01-01T00:00:00-02:00,1,1,1932,8.60886200905008e-12,pib,milhões,R$,0.0701,
717,1933-01-01,SCN10_PIBN10,1933-01-01T00:00:00-02:00,1,1,1933,9.18347881004495e-12,pib,milhões,R$,0.06761,
718,1934-01-01,SCN10_PIBN10,1934-01-01T00:00:00-02:00,1,1,1934,1.06559484633166e-11,pib,milhões,R$,0.07067999999999999,
719,1935-01-01,SCN10_PIBN10,1935-01-01T00:00:00-02:00,1,1,1935,1.15008409660154e-11,pib,milhões,R$,0.07242,
720,1936-01-01,SCN10_PIBN10,1936-01-01T00:00:00-02:00,1,1,1936,1.31037942429508e-11,pib,milhões,R$,0.07307999999999999,
721,1937-01-01,SCN10_PIBN10,1937-01-01T00:00:00-02:00,1,1,1937,1.50014289622353e-11,pib,milhões,R$,0.07575,
722,1938-01-01,SCN10_PIBN10,1938-01-01T00:00:00-02:00,1,1,1938,1.61715404212896e-11,pib,milhões,R$,0.07402,
723,1939-01-01,SCN10_PIBN10,1939-01-01T00:00:00-02:00,1,1,1939,1.69141111549203e-11,pib,milhões,R$,0.07331,
724,1940-01-01,SCN10_PIBN10,1940-01-01T00:00:00-02:00,1,1,1940,1.78668830362769e-11,pib,milhões,R$,0.07393,
725,1941-01-01,SCN10_PIBN10,1941-01-01T00:00:00-02:00,1,1,1941,2.06569969247836e-11,pib,milhões,R$,0.07852,
726,1942-01-01,SCN10_PIBN10,1942-01-01T00:00:00-02:00,1,1,1942,2.33636783135054e-11,pib,milhões,R$,0.0883,7.06181818181818e-15
727,1943-01-01,SCN10_PIBN10,1943-01-01T00:00:00-02:00,1,1,1943,2.95590694999448e-11,pib,milhões,R$,0.09641999999999999,7.06181818181818e-15
728,1944-01-01,SCN10_PIBN10,1944-01-01T00:00:00-02:00,1,1,1944,3.83701941892544e-11,pib,milhões,R$,0.10196,7e-15
729,1945-01-01,SCN10_PIBN10,1945-01-01T00:00:00-02:00,1,1,1945,4.55078883470187e-11,pib,milhões,R$,0.10604,7e-15
730,1946-01-01,SCN10_PIBN10,1946-01-01T00:00:00-02:00,1,1,1946,5.81865095913258e-11,pib,milhões,R$,0.11342,6.72727272727273e-15
731,1947-01-01,SCN10_PIBN10,1947-01-01T00:00:00-02:00,1,1,1947,6.490909090909091e-11,pib,milhões,R$,0.12492,6.68363636363636e-15
732,1948-01-01,SCN10_PIBN10,1948-01-01T00:00:00-02:00,1,1,1948,7.541818181818182e-11,pib,milhões,R$,0.13199,6.68363636363636e-15
733,1949-01-01,SCN10_PIBN10,1949-01-01T00:00:00-02:00,1,1,1949,8.796363636363637e-11,pib,milhões,R$,0.13096,6.68363636363636e-15
734,1950-01-01,SCN10_PIBN10,1950-01-01T00:00:00-02:00,1,1,1950,1.0236363636363635e-10,pib,milhões,R$,0.13252,6.68363636363636e-15
735,1951-01-01,SCN10_PIBN10,1951-01-01T00:00:00-02:00,1,1,1951,1.2683636363636364e-10,pib,milhões,R$,0.14154999999999998,6.68363636363636e-15
736,1952-01-01,SCN10_PIBN10,1952-01-01T00:00:00-02:00,1,1,1952,1.4916363636363636e-10,pib,milhões,R$,0.14445,6.68363636363636e-15
737,1953-01-01,SCN10_PIBN10,1953-01-01T00:00:00-02:00,1,1,1953,1.7799999999999998e-10,pib,milhões,R$,0.14635,1.98181818181818e-14
738,1954-01-01,SCN10_PIBN10,1954-01-01T00:00:00-02:00,1,1,1954,2.440727272727273e-10,pib,milhões,R$,0.14758,2.61818181818182e-14
739,1955-01-01,SCN10_PIBN10,1955-01-01T00:00:00-02:00,1,1,1955,2.9625454545454543e-10,pib,milhões,R$,0.14816000000000001,2.34545454545455e-14
740,1956-01-01,SCN10_PIBN10,1956-01-01T00:00:00-02:00,1,1,1956,3.741454545454546e-10,pib,milhões,R$,0.15111,2.30909090909091e-14
741,1957-01-01,SCN10_PIBN10,1957-01-01T00:00:00-02:00,1,1,1957,4.541818181818182e-10,pib,milhões,R$,0.1557,3.22909090909091e-14
742,1958-01-01,SCN10_PIBN10,1958-01-01T00:00:00-02:00,1,1,1958,5.654545454545454e-10,pib,milhões,R$,0.15938,5.01090909090909e-14
743,1959-01-01,SCN10_PIBN10,1959-01-01T00:00:00-02:00,1,1,1959,8.43490909090909e-10,pib,milhões,R$,0.16176,6.54545454545455e-14
744,1960-01-01,SCN10_PIBN10,1960-01-01T00:00:00-02:00,1,1,1960,1.1573090909090908e-09,pib,milhões,R$,0.16441,6.90909090909091e-14
745,1961-01-01,SCN10_PIBN10,1961-01-01T00:00:00-02:00,1,1,1961,1.6919272727272728e-09,pib,milhões,R$,0.16612,1.09090909090909e-13
746,1962-01-01,SCN10_PIBN10,1962-01-01T00:00:00-02:00,1,1,1962,2.7098909090909092e-09,pib,milhões,R$,0.16806000000000001,1.67272727272727e-13
747,1963-01-01,SCN10_PIBN10,1963-01-01T00:00:00-02:00,1,1,1963,4.863927272727273e-09,pib,milhões,R$,0.17007000000000003,2.18181818181818e-13
748,1964-01-01,SCN10_PIBN10,1964-01-01T00:00:00-02:00,1,1,1964,9.532218181818182e-09,pib,milhões,R$,0.17254000000000003,6.63636363636364e-13
749,1965-01-01,SCN10_PIBN10,1965-01-01T00:00:00-02:00,1,1,1965,1.5513454545454546e-08,pib,milhões,R$,0.17501999999999998,8e-13
750,1966-01-01,SCN10_PIBN10,1966-01-01T00:00:00-02:00,1,1,1966,2.2832363636363636e-08,pib,milhões,R$,0.17944,8e-13
751,1967-01-01,SCN10_PIBN10,1967-01-01T00:00:00-02:00,1,1,1967,3.010290909090909e-08,pib,milhões,R$,0.18395,9.81818181818182e-13
752,1968-01-01,SCN10_PIBN10,1968-01-01T00:00:00-02:00,1,1,1968,4.188036363636364e-08,pib,milhões,R$,0.19115,1.38545454545455e-12
753,1969-01-01,SCN10_PIBN10,1969-01-01T00:00:00-02:00,1,1,1969,5.505454545454545e-08,pib,milhões,R$,0.19976,1.57454545454545e-12
754,1970-01-01,SCN10_PIBN10,1970-01-01T00:00:00-02:00,1,1,1970,7.06601104814772e-08,pib,milhões,R$,0.2091,1.78909090909091e-12
755,1971-01-01,SCN10_PIBN10,1971-01-01T00:00:00-02:00,1,1,1971,9.392586015174027e-08,pib,milhões,R$,0.21797999999999998,2.03636363636364e-12
756,1972-01-01,SCN10_PIBN10,1972-01-01T00:00:00-02:00,1,1,1972,1.2602938079178152e-07,pib,milhões,R$,0.22542,2.24727272727273e-12
757,1973-01-01,SCN10_PIBN10,1973-01-01T00:00:00-02:00,1,1,1973,1.8612154588182273e-07,pib,milhões,R$,0.23756,2.24727272727273e-12
758,1974-01-01,SCN10_PIBN10,1974-01-01T00:00:00-02:00,1,1,1974,2.709586013966581e-07,pib,milhões,R$,0.26228999999999997,2.69090909090909e-12
759,1975-01-01,SCN10_PIBN10,1975-01-01T00:00:00-02:00,1,1,1975,3.8164275348455716e-07,pib,milhões,R$,0.28415,3.28e-12
760,1976-01-01,SCN10_PIBN10,1976-01-01T00:00:00-02:00,1,1,1976,5.941683926537894e-07,pib,milhões,R$,0.29974,4.46545454545455e-12
761,1977-01-01,SCN10_PIBN10,1977-01-01T00:00:00-02:00,1,1,1977,9.065374124277443e-07,pib,milhões,R$,0.31922999999999996,5.8e-12
762,1978-01-01,SCN10_PIBN10,1978-01-01T00:00:00-02:00,1,1,1978,1.3153620530151782e-06,pib,milhões,R$,0.34145000000000003,7.55636363636364e-12
763,1979-01-01,SCN10_PIBN10,1979-01-01T00:00:00-02:00,1,1,1979,2.1677221865500833e-06,pib,milhões,R$,0.37178,1.53927272727273e-11
764,1980-01-01,SCN10_PIBN10,1980-01-01T00:00:00-02:00,1,1,1980,4.548293090909091e-06,pib,milhões,R$,0.41182,2.36981818181818e-11
765,1981-01-01,SCN10_PIBN10,1981-01-01T00:00:00-02:00,1,1,1981,8.733013818181819e-06,pib,milhões,R$,0.44871,4.624e-11
766,1982-01-01,SCN10_PIBN10,1982-01-01T00:00:00-02:00,1,1,1982,1.7702079272727272e-05,pib,milhões,R$,0.47363,9.14218181818182e-11
767,1983-01-01,SCN10_PIBN10,1983-01-01T00:00:00-02:00,1,1,1983,3.977684872727273e-05,pib,milhões,R$,0.49378,3.56e-10
768,1984-01-01,SCN10_PIBN10,1984-01-01T00:00:00-02:00,1,1,1984,0.00012650400545454547,pib,milhões,R$,0.51243,1.152e-09
769,1985-01-01,SCN10_PIBN10,1985-01-01T00:00:00-02:00,1,1,1985,0.00047553404218181816,pib,milhões,R$,0.53031,3.79636363636364e-09
770,1986-01-01,SCN10_PIBN10,1986-01-01T00:00:00-02:00,1,1,1986,0.0012736839276363636,pib,milhões,R$,0.54184,5.40727272727273e-09
771,1987-01-01,SCN10_PIBN10,1987-01-01T00:00:00-02:00,1,1,1987,0.0040378057352727275,pib,milhões,R$,0.55855,2.61418181818182e-08
772,1988-01-01,SCN10_PIBN10,1988-01-01T00:00:00-02:00,1,1,1988,0.029375630254181818,pib,milhões,R$,0.58038,2.76905454545455e-07
773,1989-01-01,SCN10_PIBN10,1989-01-01T00:00:00-02:00,1,1,1989,0.42559531039345455,pib,milhões,R$,0.60572,4.10909090909091e-06
774,1990-01-01,SCN10_PIBN10,1990-01-01T00:00:00-02:00,1,1,1990,11.548794545454546,pib,milhões,R$,0.63231,6.13054545454545e-05
775,1991-01-01,SCN10_PIBN10,1991-01-01T00:00:00-02:00,1,1,1991,60.28599927272727,pib,milhões,R$,0.65345,0.000388618181818182
776,1992-01-01,SCN10_PIBN10,1992-01-01T00:00:00-02:00,1,1,1992,640.9587676363636,pib,milhões,R$,0.6708700000000001,0.00450436363636364
777,1993-01-01,SCN10_PIBN10,1993-01-01T00:00:00-02:00,1,1,1993,14097.114181818182,pib,milhões,R$,0.68758,0.11858
778,1994-01-01,SCN10_PIBN10,1994-01-01T00:00:00-02:00,1,1,1994,349204.679,pib,milhões,R$,0.7019299999999999,0.844
779,1995-01-01,SCN10_PIBN10,1995-01-01T00:00:00-02:00,1,1,1995,705991.552860918,pib,milhões,R$,0.7167100000000001,0.9715
780,1996-01-01,SCN10_PIBN10,1996-01-01T00:00:00-02:00,1,1,1996,854763.607812398,pib,milhões,R$,0.7320399999999999,1.0386
781,1997-01-01,SCN10_PIBN10,1997-01-01T00:00:00-02:00,1,1,1997,952089.196088811,pib,milhões,R$,0.74478,1.1156
782,1998-01-01,SCN10_PIBN10,1998-01-01T00:00:00-02:00,1,1,1998,1002351.01921348,pib,milhões,R$,0.7506999999999999,1.2079
783,1999-01-01,SCN10_PIBN10,1999-01-01T00:00:00-02:00,1,1,1999,1087710.45605399,pib,milhões,R$,0.76164,1.7882
784,2000-01-01,SCN10_PIBN10,2000-01-01T00:00:00-02:00,1,1,2000,1199092.07094021,pib,milhões,R$,0.7809,1.9546
785,2001-01-01,SCN10_PIBN10,2001-01-01T00:00:00-02:00,1,1,2001,1315755.46783093,pib,milhões,R$,0.79656,2.3196
786,2002-01-01,SCN10_PIBN10,2002-01-01T00:00:00-02:00,1,1,2002,1488787.25515837,pib,milhões,R$,0.80702,3.5325
787,2003-01-01,SCN10_PIBN10,2003-01-01T00:00:00-02:00,1,1,2003,1717950.39642449,pib,milhões,R$,0.8239799999999999,2.8884
788,2004-01-01,SCN10_PIBN10,2004-01-01T00:00:00-02:00,1,1,2004,1957751.21296257,pib,milhões,R$,0.84443,2.6536
789,2005-01-01,SCN10_PIBN10,2005-01-01T00:00:00-02:00,1,1,2005,2170584.50342214,pib,milhões,R$,0.8687600000000001,2.3399
790,2006-01-01,SCN10_PIBN10,2006-01-01T00:00:00-02:00,1,1,2006,2409449.92207206,pib,milhões,R$,0.89322,2.1372
791,2007-01-01,SCN10_PIBN10,2007-01-01T00:00:00-02:00,1,1,2007,2720262.93783832,pib,milhões,R$,0.9161400000000001,1.7705
792,2008-01-01,SCN10_PIBN10,2008-01-01T00:00:00-02:00,1,1,2008,3109803.08904629,pib,milhões,R$,0.94325,2.3362
793,2009-01-01,SCN10_PIBN10,2009-01-01T00:00:00-02:00,1,1,2009,3333039.35542242,pib,milhões,R$,0.94062,1.7404
794,2010-01-01,SCN10_PIBN10,2010-01-01T00:00:00-02:00,1,1,2010,3885847.0,pib,milhões,R$,0.95747,1.6654
795,2011-01-01,SCN10_PIBN10,2011-01-01T00:00:00-02:00,1,1,2011,4376382.0,pib,milhões,R$,0.9817,1.8751
796,2012-01-01,SCN10_PIBN10,2012-01-01T00:00:00-02:00,1,1,2012,4814760.0,pib,milhões,R$,1.0,2.0429
797,2013-01-01,SCN10_PIBN10,2013-01-01T00:00:00-02:00,1,1,2013,5331619.0,pib,milhões,R$,1.0135399999999999,2.342
798,2014-01-01,SCN10_PIBN10,2014-01-01T00:00:00-02:00,1,1,2014,5778953.0,pib,milhões,R$,1.02887,2.6556
799,2015-01-01,SCN10_PIBN10,2015-01-01T00:00:00-02:00,1,1,2015,5995787.0,pib,milhões,R$,1.03116,3.9042
800,2016-01-01,SCN10_PIBN10,2016-01-01T00:00:00-02:00,1,1,2016,6269328.0,pib,milhões,R$,1.04148,3.2585
801,2017-01-01,SCN10_PIBN10,2017-01-01T00:00:00-02:00,1,1,2017,6585479.0,pib,milhões,R$,1.06054,3.3074
802,2018-01-01,SCN10_PIBN10,2018-01-01T00:00:00-02:00,1,1,2018,7004141.0,pib,milhões,R$,1.08317,3.8742
803,2019-01-01,SCN10_PIBN10,2019-01-01T00:00:00-02:00,1,1,2019,7389131.0,pib,milhões,R$,1.0993300000000001,4.0301
804,2020-01-01,SCN10_PIBN10,2020-01-01T00:00:00-03:00,1,1,2020,7609597.0,pib,milhões,R$,1.11145,5.1961
805,2021-01-01,SCN10_PIBN10,2021-01-01T00:00:00-03:00,1,1,2021,8898727.46356739,pib,milhões,R$,1.15621,5.5799
806,2022-01-01,SCN10_PIBN10,2022-01-01T00:00:00-03:00,1,1,2022,9915316.43288613,pib,milhões,R$,1.22861,5.2171
